com.samsung.shealth.sleep,6306007,11
total_sleep_time_weight,original_efficiency,mental_recovery,wake_score,factor_01,factor_02,factor_03,factor_04,factor_05,factor_06,factor_07,factor_08,factor_09,factor_10,deep_score,integrated_id,latency_weight,has_sleep_data,bedtime_detection_delay,sleep_efficiency_with_latency,wakeup_time_detection_delay,total_rem_duration,combined_id,nap_score,sleep_type,sleep_latency,data_version,latency_score,deep_weight,rem_weight,physical_recovery,original_wake_up_time,movement_awakening,is_integrated,original_bed_time,goal_bed_time,quality,extra_data,wake_weight,rem_score,goal_wake_up_time,sleep_cycle,total_light_duration,efficiency,sleep_score,sleep_duration,stage_analyzed_type,total_sleep_time_score,com.samsung.health.sleep.create_sh_ver,com.samsung.health.sleep.start_time,com.samsung.health.sleep.custom,com.samsung.health.sleep.modify_sh_ver,com.samsung.health.sleep.update_time,com.samsung.health.sleep.create_time,com.samsung.health.sleep.client_data_id,com.samsung.health.sleep.client_data_ver,com.samsung.health.sleep.time_offset,com.samsung.health.sleep.deviceuuid,com.samsung.health.sleep.comment,com.samsung.health.sleep.pkg_name,com.samsung.health.sleep.end_time,com.samsung.health.sleep.datauuid
,,,,,,,,,,,,,,,,,0,,,,,,,,,,,,,,,,,,,0,,,,,,,0.0,,,,,,2021-08-07 02:30:00.000,,,2021-08-07 16:27:14.981,2021-08-07 16:27:14.981,,,UTC+0300,bWj3B5w0Pp,,com.sec.android.app.shealth,2021-08-07 10:50:00.000,3402b213-2707-4323-befa-5429ca1742ef,
,,,,,,,,,,,,,,,,,0,,,,,,,,,,,,,,,,,,,0,,,,,,,0.0,,,,,,2021-08-29 01:40:00.000,,,2021-08-29 13:21:08.598,2021-08-29 13:21:08.598,,,UTC+0300,bWj3B5w0Pp,,com.sec.android.app.shealth,2021-08-29 09:50:00.000,75e086df-26f4-43cf-83e0-b0b56c00f879,
,,,,,,,,,,,,,,,,,0,,,,,,,,,,,,,,,,,,82800000,0,,,,25200000,,,0.0,,,,,62620030,2024-03-04 19:40:00.000,,62620030,2024-03-05 20:45:54.990,2024-03-05 20:45:54.990,,,UTC+0300,bWj3B5w0Pp,,com.sec.android.app.shealth,2024-03-05 08:40:00.000,00ec8101-af56-4443-a850-25ae0e38b3cd,
,,,,,,,,,,,,,,,,,0,,,,,,,,,,,,,,,,,,82800000,0,,,,25200000,,,0.0,,,,,62660010,2024-05-23 22:10:00.000,,62660010,2024-05-24 16:44:19.309,2024-05-24 16:44:19.309,,,UTC+0300,bWj3B5w0Pp,,com.sec.android.app.shealth,2024-05-24 05:40:00.000,05ea9269-388f-47c5-9122-91f592cf091f,
,,,,,,,,,,,,,,,,,0,,,,,,,,,,,,,,,,,,82800000,0,,,,25200000,,,0.0,,,,,62660010,2024-05-24 22:00:00.000,,62660010,2024-05-25 15:27:40.553,2024-05-25 15:27:40.553,,,UTC+0300,bWj3B5w0Pp,,com.sec.android.app.shealth,2024-05-25 07:40:00.000,73def407-e0db-45be-b05f-d3a40a2a9155,
,,,,,,,,,,,,,,,,,0,,,,,,,,,,,,,,,,,,82800000,0,,,,25200000,,,0.0,,,,,62660010,2024-05-25 23:10:00.000,,62660010,2024-05-26 08:08:02.559,2024-05-26 08:08:02.559,,,UTC+0300,bWj3B5w0Pp,,com.sec.android.app.shealth,2024-05-26 07:50:00.000,f06454cf-2725-4caf-a951-7420416ce0d2,
,,,,,,,,,,,,,,,,,0,,,,,,,,,,,,,,,,,,82800000,0,,,,25200000,,,0.0,,,,,62701610,2024-07-26 20:00:00.000,,62701610,2024-07-27 20:16:24.594,2024-07-27 20:16:24.594,,,UTC+0300,sL+KSz6/E2,,com.sec.android.app.shealth,2024-07-27 04:00:00.000,d7ff7ffc-8d0d-4990-9a84-1c9ffa007836,
,,,,,,,,,,,,,,,,,0,,,,,,,,,,,,,,,,,,82800000,0,,,,25200000,,,0.0,,,,,62701610,2024-07-28 21:00:00.000,,62701610,2024-07-29 07:20:11.862,2024-07-29 07:20:11.862,,,UTC+0300,sL+KSz6/E2,,com.sec.android.app.shealth,2024-07-29 04:50:00.000,251811db-50a3-427d-afae-3abec7d7e7ef,
,,,,,,,,,,,,,,,,,0,,,,,,,,,,,,,,,,,,82800000,0,,,,25200000,,,0.0,,,,,62701610,2024-07-29 21:00:00.000,,62701610,2024-07-30 07:18:32.821,2024-07-30 07:18:32.821,,,UTC+0300,sL+KSz6/E2,,com.sec.android.app.shealth,2024-07-30 03:50:00.000,11da9c90-870f-45df-8401-c1c04f035535,
,,,,,,,,,,,,,,,,,0,,,,,,,,,,,,,,,,,,82800000,0,,,,25200000,,,0.0,,,,,62701610,2024-07-31 18:20:00.000,,62701610,2024-08-01 10:06:51.921,2024-08-01 10:06:51.921,,,UTC+0300,sL+KSz6/E2,,com.sec.android.app.shealth,2024-08-01 04:30:00.000,2f14ccc6-3baf-4fba-abec-b6e338365866,
,,,,,,,,,,,,,,,,,0,,,,,,,,,,,,,,,,,,82800000,0,,,,25200000,,,0.0,,,,,62710130,2024-08-01 22:20:00.000,,62710130,2024-08-02 05:08:15.727,2024-08-02 05:08:15.727,,,UTC+0300,sL+KSz6/E2,,com.sec.android.app.shealth,2024-08-02 05:00:00.000,9bd9d2f2-e49b-447a-924b-be511adf11ae,
,,,,,,,,,,,,,,,,,0,,,,,,,,,,,,,,,,,,82800000,0,,,,25200000,,,0.0,,,,,62710130,2024-08-02 21:50:00.000,,62710130,2024-08-03 07:35:15.076,2024-08-03 07:35:15.076,,,UTC+0300,sL+KSz6/E2,,com.sec.android.app.shealth,2024-08-03 06:20:00.000,04eaed9f-be76-42d1-960f-4450fb334d6e,
,,,,,,,,,,,,,,,,,0,,,,,,,,,,,,,,,,,,82800000,0,,,,25200000,,,0.0,,,,,62710130,2024-08-04 00:10:00.000,,62710130,2024-08-04 07:41:41.746,2024-08-04 07:41:41.746,,,UTC+0300,sL+KSz6/E2,,com.sec.android.app.shealth,2024-08-04 07:40:00.000,d7881c62-bc72-46d4-8af5-4491ea92866d,
,,,,,,,,,,,,,,,,,0,,,,,,,,,,,,,,,,,,82800000,0,,,,25200000,,,0.0,,,,,62710150,2024-08-05 20:40:00.000,,62710150,2024-08-06 07:27:32.853,2024-08-06 07:27:32.853,,,UTC+0300,sL+KSz6/E2,,com.sec.android.app.shealth,2024-08-06 05:00:00.000,b653a8cf-d89d-45b0-8acd-57fec4c269eb,
,,,,,,,,,,,,,,,,,0,,,,,,,,,,,,,,,,,,82800000,0,,,,25200000,,,0.0,,,,,62710150,2024-08-08 21:40:00.000,,62710150,2024-08-09 08:24:06.260,2024-08-09 08:24:06.260,,,UTC+0300,sL+KSz6/E2,,com.sec.android.app.shealth,2024-08-09 05:00:00.000,166b1c3d-d289-4d4f-8136-b71bb8dd589e,
,,,,,,,,,,,,,,,,,0,,,,,,,,,,,,,,,,,,82800000,0,,,,25200000,,,0.0,,,,,62720090,2024-10-22 22:50:00.000,,62720090,2024-10-23 07:26:33.958,2024-10-23 07:26:33.958,,,UTC+0300,sL+KSz6/E2,,com.sec.android.app.shealth,2024-10-23 05:10:00.000,5443fd28-20b2-47af-a3cb-f8d51ea20754,
,,,,,,,,,,,,,,,,,0,,,,,,,,,,,,,,,,,,82800000,0,,,,25200000,,,0.0,,,,,62720090,2024-10-23 21:20:00.000,,62720090,2024-10-24 07:29:16.009,2024-10-24 07:29:16.009,,,UTC+0300,sL+KSz6/E2,,com.sec.android.app.shealth,2024-10-24 05:00:00.000,d4fac4f6-a598-43d8-ae07-54f2c8aa6e86,
,,,,,,,,,,,,,,,,,0,,,,,,,,,,,,,,,,,,82800000,0,,,,25200000,,,0.0,,,,,62810050,2024-10-24 21:20:00.000,,62810050,2024-10-25 07:23:37.474,2024-10-25 07:23:37.474,,,UTC+0300,sL+KSz6/E2,,com.sec.android.app.shealth,2024-10-25 04:50:00.000,0e88673b-58ee-4f8e-983d-50fe6c37c489,
,,,,,,,,,,,,,,,,,0,,,,,,,,,,,,,,,,,,82800000,0,,,,25200000,,,0.0,,,,,62810050,2024-10-28 00:30:00.000,,62810050,2024-10-28 07:38:17.797,2024-10-28 07:38:17.797,,,UTC+0300,sL+KSz6/E2,,com.sec.android.app.shealth,2024-10-28 06:00:00.000,f00cdc06-e72e-4ac3-ab63-d28f2174ede6,
,,82.0,,6,23,6,1,7,220,164,0,0,,,,,0,960000,,1440000,56,4dfcae84-4a6f-413a-9f22-c6a59be075b2,,-1,1620000,9,,,,33.0,,7.0,,,,,,,,,2,134,96.0,60,220,2,,62720071,2024-11-01 22:01:00.000,,62810050,2024-11-02 06:18:52.689,2024-11-02 02:05:42.626,,,UTC+0300,KCkzhBg4bx,,com.sec.android.app.shealth,2024-11-02 01:41:00.000,fa45f3a7-c636-4724-9fe2-c0e3ac7124ea,
,,53.0,,34,34,16,0,19,231,148,0,11,,,,,0,960000,,1440000,32,4dfcae84-4a6f-413a-9f22-c6a59be075b2,,-1,840000,9,,,,41.0,,24.0,,,,,,,,,1,146,91.0,49,231,2,,62720071,2024-11-02 02:03:00.000,,62810050,2024-11-02 06:18:52.697,2024-11-02 06:18:46.296,,,UTC+0300,KCkzhBg4bx,,com.sec.android.app.shealth,2024-11-02 05:54:00.000,0f83546a-94a6-4cb6-8fe9-0ff843616605,
,,97.0,,28,105,1,1,48,531,95,0,37,,,,,0,1020000,,0,159,,,-1,960000,9,,,,97.0,,18.0,,,,,,,,,5,219,90.0,92,531,2,,62720071,2024-11-02 22:21:00.000,,62810050,2024-11-03 07:12:25.328,2024-11-03 07:12:14.535,,,UTC+0300,KCkzhBg4bx,,com.sec.android.app.shealth,2024-11-03 07:12:00.000,d5a2a067-71c3-47c9-9bc3-c67ed9b5b176,
,,89.0,,49,49,8,1,8,293,288,0,0,,,,,0,1080000,,1620000,77,69d073e3-8e4c-485e-b865-862be39ad027,,-1,4020000,9,,,,68.0,,6.0,,,,,,,,,3,159,97.0,74,293,2,,62720071,2024-11-03 22:23:00.000,,62810050,2024-11-04 04:58:06.737,2024-11-04 03:43:55.981,,,UTC+0300,KCkzhBg4bx,,com.sec.android.app.shealth,2024-11-04 03:16:00.000,5e359ae2-e000-4356-8f4c-8db67ce51ef5,
,,6.0,,17,17,4,0,4,67,66,0,0,,,,,0,960000,,600000,0,69d073e3-8e4c-485e-b865-862be39ad027,,-1,840000,9,,,,13.0,,13.0,,,,,,,,,0,46,93.0,45,67,2,,62720071,2024-11-04 03:41:00.000,,62810050,2024-11-04 04:58:06.816,2024-11-04 04:58:03.722,,,UTC+0300,KCkzhBg4bx,,com.sec.android.app.shealth,2024-11-04 04:48:00.000,d8db437f-e2b0-4ec1-a4c6-e03de0a00faf,
,,90.0,,60,79,4,4,22,433,270,3,9,,,,,0,900000,,840000,92,,,-1,6000000,9,,,,92.0,,9.0,,,,,,,,,4,240,94.0,94,433,2,,62720071,2024-11-04 21:42:00.000,,62810050,2024-11-05 05:09:14.150,2024-11-05 05:09:03.838,,,UTC+0300,KCkzhBg4bx,,com.sec.android.app.shealth,2024-11-05 04:55:00.000,a9682948-fbe0-469b-924e-96aaaf2cf9e2,
,,96.0,,16,85,1,2,9,396,63,0,0,,,,,0,900000,,1200000,126,,,-1,480000,9,,,,93.0,,4.0,,,,,,,,,4,176,97.0,92,396,2,,62800471,2024-11-05 22:02:00.000,,62810050,2024-11-06 05:00:32.015,2024-11-06 04:58:59.936,,,UTC+0300,KCkzhBg4bx,,com.sec.android.app.shealth,2024-11-06 04:38:00.000,963d2b85-13f1-44e0-a8da-2c2c625e7d57,
,,95.0,,78,78,12,2,12,415,414,0,0,,,,,0,900000,,0,119,,,-1,420000,9,,,,92.0,,6.0,,,,,,,,,3,206,96.0,95,415,2,,62800471,2024-11-06 21:47:00.000,,62820030,2024-11-07 04:43:06.316,2024-11-07 04:42:57.364,,,UTC+0300,KCkzhBg4bx,,com.sec.android.app.shealth,2024-11-07 04:42:00.000,1b7b41f7-77a4-40f3-8502-91bef6159bb5,
,,96.0,,51,51,13,0,16,418,401,0,0,,,,,0,840000,,540000,131,,,3,4320000,9,,,,83.0,2024-11-08 05:00:00.000,7.0,,2024-11-07 21:51:00.000,,,,,,,3,220,96.0,88,418,2,,62800471,2024-11-07 21:51:00.000,,62820030,2024-11-08 05:10:00.739,2024-11-08 05:09:43.878,,,UTC+0300,KCkzhBg4bx,,com.sec.android.app.shealth,2024-11-08 04:49:30.000,7c99529d-bb68-44cf-9ca2-e083d17893d0,
,,95.0,,27,109,2,1,36,545,80,0,15,,,,,0,960000,,0,129,,,3,720000,9,,,,98.0,,12.0,,,,,,,,,4,271,93.0,89,545,2,,62800471,2024-11-08 22:20:00.000,,62820030,2024-11-09 07:25:56.031,2024-11-09 07:25:47.166,,,UTC+0300,KCkzhBg4bx,,com.sec.android.app.shealth,2024-11-09 07:25:00.000,95531ab5-ecd4-489c-964d-42c92306461f,
,,96.0,,52,52,9,0,19,436,409,0,7,,,,,0,960000,,0,133,,,3,6600000,9,,,,84.0,,8.0,,,,,,,,,3,232,95.0,87,436,2,,62800471,2024-11-10 00:06:00.000,,62820030,2024-11-10 07:22:59.672,2024-11-10 07:22:48.428,,,UTC+0300,KCkzhBg4bx,,com.sec.android.app.shealth,2024-11-10 07:22:00.000,4401d824-c2bb-4549-9d24-120150e16805,
,,94.0,,87,87,17,1,18,451,442,0,0,,,,,0,960000,,300000,111,,,3,1500000,9,,,,95.0,,8.0,,,,,,,,,4,235,96.0,94,451,2,,62800471,2024-11-10 21:19:00.000,,62820030,2024-11-11 04:56:09.335,2024-11-11 04:55:58.105,,,UTC+0300,KCkzhBg4bx,,com.sec.android.app.shealth,2024-11-11 04:50:00.000,baff4e08-b4f1-48ee-8689-b664dd4f642b,
,,46.0,,44,61,3,0,13,307,171,0,0,,,,,0,1200000,,360000,25,,,3,3240000,9,,,,78.0,,6.0,,,,,,,,,1,208,95.0,64,307,2,,62800471,2024-11-11 23:44:00.000,,62820030,2024-11-12 04:57:26.624,2024-11-12 04:57:21.487,,,UTC+0300,KCkzhBg4bx,,com.sec.android.app.shealth,2024-11-12 04:51:00.000,938264ff-8e5c-49cc-a010-57d20b38cc42,
,,92.0,,44,44,7,0,12,408,331,0,0,,,,,0,1200000,,480000,97,,,3,5040000,9,,,,78.0,,5.0,,,,,,,,,2,255,97.0,83,408,2,,62800471,2024-11-12 22:04:00.000,,62820030,2024-11-13 05:00:53.278,2024-11-13 05:00:44.195,,,UTC+0300,KCkzhBg4bx,,com.sec.android.app.shealth,2024-11-13 04:52:00.000,672e7fbb-912c-452d-bdd4-f86c6904de1d,
,,95.0,,0,47,1,0,7,372,24,0,0,,,,,0,900000,,660000,112,,,3,840000,9,,,,76.0,,6.0,,,,,,,,,3,206,97.0,72,372,2,,62800471,2024-11-13 22:37:00.000,,62820030,2024-11-14 05:00:24.408,2024-11-14 05:00:16.796,,,UTC+0300,KCkzhBg4bx,,com.sec.android.app.shealth,2024-11-14 04:49:00.000,2232be75-f1cf-49d0-b157-90fb0fc52ee5,
,,93.0,,52,97,5,0,13,403,179,0,4,,,,,0,840000,,60000,104,,,3,1020000,9,,,,95.0,2024-11-15 04:59:00.000,7.0,,2024-11-14 22:07:00.000,,,,,,,4,189,96.0,94,403,2,,62800471,2024-11-14 22:07:00.000,,62820030,2024-11-15 05:01:07.919,2024-11-15 05:00:59.408,,,UTC+0300,KCkzhBg4bx,,com.sec.android.app.shealth,2024-11-15 04:50:00.000,afd41236-e9fb-4e80-adf8-569825d72d54,
,,98.0,,86,86,19,1,32,534,400,0,22,,,,,0,960000,,1740000,178,,,3,1620000,9,,,,96.0,,15.0,,,,,,,,,4,238,94.0,91,534,2,,62800471,2024-11-15 22:54:00.000,,62820030,2024-11-16 08:17:43.869,2024-11-16 08:17:28.582,,,UTC+0300,KCkzhBg4bx,,com.sec.android.app.shealth,2024-11-16 07:48:00.000,1d704f29-19c7-4e2c-8d25-fe67fcfce565,
,,91.0,,53,53,11,1,13,351,348,0,0,,,,,0,1080000,,0,92,,,3,4620000,9,,,,78.0,,7.0,,,,,,,,,3,193,96.0,85,351,2,,62800471,2024-11-16 22:45:00.000,,62820030,2024-11-17 04:36:44.979,2024-11-17 04:36:36.081,,,UTC+0300,KCkzhBg4bx,,com.sec.android.app.shealth,2024-11-17 04:36:00.000,59f95bb2-2194-4348-8ce5-07f9e9d08c16,
,,93.0,,95,95,18,0,30,454,414,0,5,,,,,0,900000,,1020000,112,,,3,1440000,9,,,,96.0,,12.0,,,,,,,,,3,217,93.0,92,454,2,,62800471,2024-11-17 21:19:00.000,,62820030,2024-11-18 05:11:07.167,2024-11-18 05:10:57.745,,,UTC+0300,KCkzhBg4bx,,com.sec.android.app.shealth,2024-11-18 04:53:00.000,5080563c-285b-42ba-938f-1190e0b38337,
,,96.0,,11,83,2,0,29,490,82,0,0,,,,,0,900000,,300000,148,,,3,1620000,9,,,,95.0,,9.0,,,,,,,,,4,230,94.0,94,490,2,,62800471,2024-11-18 20:44:00.000,,62820030,2024-11-19 05:00:08.720,2024-11-19 04:59:20.589,,,UTC+0300,KCkzhBg4bx,,com.sec.android.app.shealth,2024-11-19 04:54:00.000,cbc39991-39ee-4cc7-a75e-428dcb90ae07,
,,85.0,,46,46,9,0,15,360,282,0,0,,,,,0,840000,,300000,74,,,3,1800000,9,,,,74.0,2024-11-20 05:00:00.000,7.0,,2024-11-19 22:51:00.000,,,,,,,3,225,95.0,76,360,2,,62800471,2024-11-19 22:51:00.000,,62820030,2024-11-20 05:05:57.256,2024-11-20 05:05:48.617,,,UTC+0300,KCkzhBg4bx,,com.sec.android.app.shealth,2024-11-20 04:51:30.000,e61bc839-0ba3-4ebb-8cd5-a68869a7643c,
,,78.0,,7,7,3,0,6,100,90,0,0,,,,,0,840000,,1620000,30,86cf6646-467f-4896-8d35-73767e68ba0d,,3,900000,9,,,,11.0,,10.0,,,,,,,,,1,57,94.0,54,100,2,,62800471,2024-11-20 20:44:00.000,,62820030,2024-11-21 04:55:13.501,2024-11-20 22:51:35.830,,,UTC+0300,KCkzhBg4bx,,com.sec.android.app.shealth,2024-11-20 22:24:00.000,534cf14f-8330-41b5-bd61-c6837f717812,
,,25.0,,0,24,1,0,1,80,27,0,0,,,,,0,780000,,1500000,8,86cf6646-467f-4896-8d35-73767e68ba0d,,3,1500000,9,,,,18.0,,7.0,,,,,,,,,1,47,98.0,47,80,2,,62800471,2024-11-20 23:03:00.000,,62820030,2024-11-21 04:55:13.516,2024-11-21 00:48:49.591,,,UTC+0300,KCkzhBg4bx,,com.sec.android.app.shealth,2024-11-21 00:23:00.000,95577b52-1189-430c-8344-320bf37b8393,
,,87.0,,43,43,13,1,15,239,216,0,4,,,,,0,900000,,900000,68,86cf6646-467f-4896-8d35-73767e68ba0d,,3,480000,9,,,,54.0,,14.0,,,,,,,,,2,113,93.0,65,239,2,,62800471,2024-11-21 00:41:00.000,,62820030,2024-11-21 04:55:13.531,2024-11-21 04:55:07.891,,,UTC+0300,KCkzhBg4bx,,com.sec.android.app.shealth,2024-11-21 04:40:00.000,6a51db8b-8ae0-4ebb-8a5d-082d6140019c,
,,96.0,,44,90,4,1,16,473,142,0,0,,,,,0,780000,,0,144,,,3,1680000,9,,,,96.0,,7.0,,,,,,,,,5,223,96.0,95,473,2,,62800471,2024-11-21 21:52:00.000,,62820030,2024-11-22 05:45:58.066,2024-11-22 05:45:46.391,,,UTC+0300,KCkzhBg4bx,,com.sec.android.app.shealth,2024-11-22 05:45:00.000,b18210ec-cf3a-46c6-a403-8a4838a2c830,
,,93.0,,6,54,1,1,13,444,91,0,0,,,,,0,900000,,960000,103,,,3,1740000,9,,,,86.0,2024-11-23 06:35:00.000,5.0,,2024-11-22 22:46:00.000,,,,,,,3,274,96.0,89,444,2,,62800471,2024-11-22 22:46:00.000,,62820030,2024-11-23 06:51:30.777,2024-11-23 06:51:21.872,,,UTC+0300,KCkzhBg4bx,,com.sec.android.app.shealth,2024-11-23 06:10:30.000,dc24df96-6432-4ec7-b310-3ed7af396472,
,,95.0,,58,58,7,1,17,515,435,0,4,,,,,0,1140000,,1680000,123,,,3,7920000,9,,,,91.0,2024-11-24 09:39:00.000,6.0,,2024-11-24 00:59:00.000,,,,,,,4,317,96.0,90,515,2,,62800471,2024-11-24 00:59:00.000,,62820030,2024-11-24 10:07:30.493,2024-11-24 10:07:23.408,,,UTC+0300,KCkzhBg4bx,,com.sec.android.app.shealth,2024-11-24 09:34:00.000,a42ff970-9f35-43cf-95a2-ad1adfb50680,
,,89.0,,23,76,8,0,18,392,127,0,4,,,,,0,780000,,0,86,,,3,1860000,9,,,,90.0,,12.0,,,,,,,,,3,212,95.0,83,392,2,,62800471,2024-11-24 22:22:00.000,,62820030,2024-11-25 04:54:33.935,2024-11-25 04:54:26.281,,,UTC+0300,KCkzhBg4bx,,com.sec.android.app.shealth,2024-11-25 04:54:00.000,e54b5cb8-dadf-4216-95ef-854eceb43756,
,,94.0,,78,88,5,0,10,434,313,0,0,,,,,0,1020000,,300000,109,,,3,2640000,9,,,,95.0,,4.0,,,,,,,,,3,227,97.0,99,434,2,,62800471,2024-11-25 21:37:00.000,,62820030,2024-11-26 04:57:17.682,2024-11-26 04:56:51.473,,,UTC+0300,KCkzhBg4bx,,com.sec.android.app.shealth,2024-11-26 04:51:00.000,519b78f7-8bfb-4246-82ce-39e4423186d2,
,,83.0,,48,60,7,0,35,376,169,0,16,,,,,0,960000,,0,75,,,3,2040000,9,,,,80.0,,18.0,,,,,,,,,2,206,90.0,80,376,2,,62800471,2024-11-26 22:35:00.000,,62820030,2024-11-27 04:51:51.013,2024-11-27 04:51:44.180,,,UTC+0300,KCkzhBg4bx,,com.sec.android.app.shealth,2024-11-27 04:51:00.000,fc889259-8a66-4385-99d3-b96fb0401465,
,,94.0,,98,107,4,3,11,463,329,0,0,,,,,0,960000,,300000,111,,,3,1200000,9,,,,97.0,,4.0,,,,,,,,,5,234,97.0,96,463,2,,62800471,2024-11-27 21:40:00.000,,62820030,2024-11-28 05:30:33.940,2024-11-28 05:28:41.546,,,UTC+0300,KCkzhBg4bx,,com.sec.android.app.shealth,2024-11-28 05:23:00.000,f5dfd350-9382-4a58-87db-562b4315abd8,
,,95.0,,77,81,4,0,5,406,300,0,0,,,,,0,840000,,300000,117,,,3,2220000,9,,,,92.0,2024-11-29 04:57:00.000,3.0,,2024-11-28 22:04:00.000,,,,,,,3,203,98.0,96,406,2,,62800471,2024-11-28 22:04:00.000,,62820030,2024-11-29 05:02:15.475,2024-11-29 05:02:08.413,,,UTC+0300,KCkzhBg4bx,,com.sec.android.app.shealth,2024-11-29 04:50:00.000,0efb207e-53dd-4f82-bd33-5143fa874a95,
,,99.0,,67,113,5,1,12,664,167,0,0,,,,,0,1080000,,540000,217,,,3,1260000,9,,,,99.0,2024-11-30 08:12:00.000,5.0,,2024-11-29 21:00:00.000,,,,,,,6,322,98.0,77,664,2,,62800471,2024-11-29 21:00:00.000,,62820030,2024-11-30 08:21:14.067,2024-11-30 08:21:03.439,,,UTC+0300,KCkzhBg4bx,,com.sec.android.app.shealth,2024-11-30 08:04:00.000,83f141f8-7346-45de-912f-2c2143200f60,
,,96.0,,80,80,9,0,15,495,444,0,4,,,,,0,900000,,840000,138,,,3,3660000,9,,,,95.0,2024-12-01 09:13:00.000,6.0,,2024-12-01 00:40:00.000,,,,,,,4,262,96.0,97,495,2,,62800471,2024-12-01 00:40:00.000,,62820030,2024-12-01 09:27:44.785,2024-12-01 09:27:40.263,,,UTC+0300,KCkzhBg4bx,,com.sec.android.app.shealth,2024-12-01 08:55:30.000,a1656fbd-54a4-4680-bbf0-9dd9c15b683d,
,,86.0,,79,79,14,0,16,384,353,0,4,,,,,0,1200000,,300000,76,,,3,5880000,9,,,,91.0,,9.0,,,,,,,,,3,213,95.0,86,384,2,,62800471,2024-12-01 22:36:00.000,,62820030,2024-12-02 05:09:04.631,2024-12-02 05:05:29.901,,,UTC+0300,KCkzhBg4bx,,com.sec.android.app.shealth,2024-12-02 05:00:00.000,50e9d2af-fb94-4840-87d9-60bd61c471b7,
,,93.0,,110,110,10,0,19,437,311,0,4,,,,,0,900000,,300000,109,,,3,1440000,9,,,,97.0,,9.0,,,,,,,,,4,199,95.0,90,437,2,,62800471,2024-12-02 21:32:00.000,,62820030,2024-12-03 04:55:10.332,2024-12-03 04:54:59.928,,,UTC+0300,KCkzhBg4bx,,com.sec.android.app.shealth,2024-12-03 04:49:00.000,c8468185-7ef8-409a-a98d-2aba5c9b9fc4,
,,89.0,,56,56,8,3,13,414,344,0,0,,,,,0,780000,,600000,85,,,3,900000,9,,,,85.0,2024-12-04 04:46:00.000,5.0,,2024-12-03 21:44:00.000,,,,,,,3,260,96.0,86,414,2,,62800471,2024-12-03 21:44:00.000,,62820030,2024-12-04 04:58:30.893,2024-12-04 04:56:23.768,,,UTC+0300,KCkzhBg4bx,,com.sec.android.app.shealth,2024-12-04 04:38:30.000,d83b2e3f-0367-4455-a7ca-a3c47754028a,
,,94.0,,46,46,5,0,6,398,377,0,0,,,,,0,900000,,480000,109,,,3,3540000,9,,,,78.0,,3.0,,,,,,,,,5,237,98.0,87,398,2,,62800471,2024-12-04 22:23:00.000,,62820030,2024-12-05 05:09:44.018,2024-12-05 05:09:35.318,,,UTC+0300,KCkzhBg4bx,,com.sec.android.app.shealth,2024-12-05 05:01:00.000,efcf58f2-4bfb-4f06-8b84-9fd8ba5e5262,
,,94.0,,70,70,10,1,14,402,387,0,0,,,,,0,840000,,300000,110,,,3,540000,9,,,,89.0,,6.0,,,,,,,,,4,208,96.0,93,402,2,,62800471,2024-12-05 22:16:00.000,,62820030,2024-12-06 05:11:24.845,2024-12-06 05:03:56.094,,,UTC+0300,KCkzhBg4bx,,com.sec.android.app.shealth,2024-12-06 04:58:00.000,32038be9-acd8-4b80-854c-a0eb1bc4c012,
,,97.0,,76,79,4,1,17,543,366,0,7,,,,,0,780000,,1560000,150,,,3,840000,9,,,,96.0,,6.0,,,,,,,,,5,297,96.0,89,543,2,,62800471,2024-12-06 21:39:00.000,,62850050,2024-12-07 07:18:06.294,2024-12-07 07:08:28.015,,,UTC+0300,KCkzhBg4bx,,com.sec.android.app.shealth,2024-12-07 06:42:00.000,7e33805a-b34a-4087-ab72-87aefb6b6b7c,
,,96.0,,94,94,6,0,10,467,430,0,0,,,,,0,840000,,1680000,136,,,3,2280000,9,,,,96.0,,4.0,,,,,,,,,4,227,97.0,99,467,2,,62800471,2024-12-08 01:15:00.000,,62850050,2024-12-08 09:30:30.188,2024-12-08 09:30:22.793,,,UTC+0300,KCkzhBg4bx,,com.sec.android.app.shealth,2024-12-08 09:02:00.000,e683da97-2ef3-40d4-951d-01416e10b9ce,
,,89.0,,88,88,14,2,14,327,326,0,7,,,,,0,840000,,900000,82,,,3,1020000,9,,,,90.0,,11.0,,,,,,,,,3,143,95.0,77,327,2,,62800471,2024-12-08 22:53:00.000,,62850050,2024-12-09 04:35:45.570,2024-12-09 04:35:40.638,,,UTC+0300,KCkzhBg4bx,,com.sec.android.app.shealth,2024-12-09 04:20:00.000,0125d920-4ff2-4a53-98a8-0b0a57e16830,
,,94.0,,22,82,1,3,24,418,63,0,14,,,,,0,960000,,720000,118,,,3,6480000,9,,,,92.0,,11.0,,,,,,,,,5,194,94.0,93,418,2,,62800471,2024-12-09 21:46:00.000,,62850050,2024-12-10 04:56:49.883,2024-12-10 04:56:31.629,,,UTC+0300,KCkzhBg4bx,,com.sec.android.app.shealth,2024-12-10 04:44:00.000,64a554f1-d729-43ff-9c4c-beb3f3018b19,
,,95.0,,57,66,5,2,9,396,181,0,0,,,,,0,1140000,,1020000,118,,,3,2520000,9,,,,88.0,,5.0,,,,,,,,,3,203,97.0,95,396,2,,62800471,2024-12-10 21:54:00.000,,62850050,2024-12-11 04:47:55.180,2024-12-11 04:47:37.468,,,UTC+0300,KCkzhBg4bx,,com.sec.android.app.shealth,2024-12-11 04:30:00.000,d80c4a15-97fc-4ac6-9cf5-c474e1949156,
,,90.0,,18,100,1,0,7,404,68,0,0,,,,,0,1020000,,1020000,86,,,3,1980000,9,,,,95.0,,3.0,,,,,,,,,4,211,98.0,92,404,2,,62800471,2024-12-11 21:47:00.000,,62850050,2024-12-12 04:50:18.423,2024-12-12 04:48:11.570,,,UTC+0300,KCkzhBg4bx,,com.sec.android.app.shealth,2024-12-12 04:31:00.000,f9fe7fb7-18f7-4089-9bb5-c7b6b483de96,
,,85.0,,75,75,1,1,42,432,168,0,30,,,,,0,1020000,,420000,82,,,3,3060000,9,,,,89.0,2024-12-16 05:06:00.000,18.0,,2024-12-15 21:49:00.000,,,,,,,4,233,90.0,90,432,2,,62800471,2024-12-15 21:49:00.000,,62850050,2024-12-16 05:13:36.700,2024-12-16 05:13:30.687,,,UTC+0300,KCkzhBg4bx,,com.sec.android.app.shealth,2024-12-16 05:01:30.000,8edbb35b-17af-49bc-b8f2-a3ed9fac14ae,
,,91.0,,71,71,7,0,9,403,365,0,0,,,,,0,780000,,360000,93,,,3,1740000,9,,,,90.0,2024-12-17 04:53:00.000,4.0,,2024-12-16 21:59:00.000,,,,,,,3,230,97.0,93,403,2,,62800471,2024-12-16 21:59:00.000,,62850050,2024-12-17 05:02:30.933,2024-12-17 04:59:09.423,,,UTC+0300,KCkzhBg4bx,,com.sec.android.app.shealth,2024-12-17 04:42:30.000,b6227291-31b8-4f2d-ae88-c453b3b9e75e,
,,89.0,,46,46,11,0,13,404,386,0,0,,,,,0,840000,,360000,84,,,3,2040000,9,,,,79.0,2024-12-18 04:46:00.000,6.0,,2024-12-17 21:57:00.000,,,,,,,4,261,96.0,83,404,2,,62800471,2024-12-17 21:57:00.000,,62850050,2024-12-18 04:52:54.811,2024-12-18 04:52:35.238,,,UTC+0300,KCkzhBg4bx,,com.sec.android.app.shealth,2024-12-18 04:41:00.000,1c9599a8-bb7d-4846-9166-d29f3a3514b5,
,,92.0,,45,55,7,0,15,460,182,0,0,,,,,0,960000,,420000,98,,,3,3360000,9,,,,88.0,,7.0,,,,,,,,,4,292,96.0,88,460,2,,62800471,2024-12-18 21:15:00.000,,62850050,2024-12-19 05:02:20.921,2024-12-19 05:02:11.954,,,UTC+0300,KCkzhBg4bx,,com.sec.android.app.shealth,2024-12-19 04:55:00.000,fa1dc99a-3be9-4e53-8a99-5754793644b7,
,,90.0,,86,86,8,0,8,374,373,0,0,,,,,0,900000,,720000,86,,,3,960000,9,,,,92.0,2024-12-20 04:48:00.000,4.0,,2024-12-19 22:26:00.000,,,,,,,5,194,97.0,86,374,2,,62800471,2024-12-19 22:26:00.000,,62850050,2024-12-20 05:00:51.224,2024-12-20 05:00:45.606,,,UTC+0300,KCkzhBg4bx,,com.sec.android.app.shealth,2024-12-20 04:40:30.000,c1693589-adf6-4de8-a58d-f66d0067fca7,
,,95.0,,117,129,21,0,32,568,418,0,9,,,,,0,840000,,0,129,,,3,1140000,9,,,,99.0,2024-12-21 07:57:00.000,12.0,,2024-12-20 22:20:00.000,,,,,,,5,278,94.0,87,568,2,,62800471,2024-12-20 22:20:00.000,,62850050,2024-12-21 07:57:29.207,2024-12-21 07:57:00.450,,,UTC+0300,KCkzhBg4bx,,com.sec.android.app.shealth,2024-12-21 07:48:30.000,6e682d5c-57ef-46dc-999e-3a9b2dcb814b,
,,90.0,,71,71,10,1,12,391,365,0,0,,,,,0,780000,,300000,89,,,3,1800000,9,,,,89.0,2024-12-24 04:40:00.000,6.0,,2024-12-23 22:04:00.000,,,,,,,3,219,96.0,89,391,2,,62800471,2024-12-23 22:04:00.000,,62850050,2024-12-24 04:46:08.997,2024-12-24 04:45:47.827,,,UTC+0300,KCkzhBg4bx,,com.sec.android.app.shealth,2024-12-24 04:35:30.000,efe9abc3-7d06-4beb-98e7-e4d329f4e0de,
,,77.0,,68,68,6,0,11,319,186,0,0,,,,,0,840000,,1560000,57,,,-1,4920000,9,,,,83.0,,7.0,,,,,,,,,3,183,96.0,75,319,2,,62800471,2024-12-24 22:52:00.000,,62850050,2024-12-25 04:37:18.763,2024-12-25 04:37:14.444,,,UTC+0300,KCkzhBg4bx,,com.sec.android.app.shealth,2024-12-25 04:11:00.000,df1b427a-b505-4fa3-8742-3efc2d6cf6a4,
,,96.0,,100,100,4,0,11,463,357,0,0,,,,,0,900000,,540000,127,,,-1,13200000,9,,,,96.0,,4.0,,,,,,,,,6,225,97.0,99,463,2,,62800471,2024-12-25 20:54:00.000,,62850050,2024-12-26 04:47:45.571,2024-12-26 04:46:53.130,,,UTC+0300,KCkzhBg4bx,,com.sec.android.app.shealth,2024-12-26 04:37:00.000,e916abdc-f603-4b36-9e67-35ed66c3f578,
,,94.0,,88,88,9,0,9,372,371,0,0,,,,,0,780000,,1560000,112,,,-1,1500000,9,,,,93.0,,5.0,,,,,,,,,4,163,97.0,87,372,2,,62800471,2024-12-26 22:04:00.000,,62850050,2024-12-27 04:43:06.600,2024-12-27 04:42:30.322,,,UTC+0300,KCkzhBg4bx,,com.sec.android.app.shealth,2024-12-27 04:16:00.000,2e8202aa-0346-486d-8444-ddb04d04af0c,
,,96.0,,90,97,5,0,16,599,415,0,4,,,,,0,900000,,720000,128,,,-1,900000,9,,,,98.0,2024-12-28 11:30:00.000,5.0,,2024-12-28 00:56:00.000,,,,,,,5,358,97.0,86,599,2,,62800471,2024-12-28 00:56:00.000,,62850050,2024-12-28 11:44:43.043,2024-12-28 11:44:20.055,,,UTC+0300,KCkzhBg4bx,,com.sec.android.app.shealth,2024-12-28 10:55:30.000,8241ee28-4590-43c5-b269-8004eaa46665,
,,95.0,,21,68,1,0,7,462,74,0,0,,,,,0,840000,,1800000,123,,,-1,600000,9,,,,92.0,2024-12-29 09:27:00.000,4.0,,2024-12-29 01:23:00.000,,,,,,,5,264,98.0,92,462,2,,62800471,2024-12-29 01:23:00.000,,62850050,2024-12-29 09:57:12.137,2024-12-29 09:57:05.056,,,UTC+0300,KCkzhBg4bx,,com.sec.android.app.shealth,2024-12-29 09:05:00.000,30245b20-7395-471c-be56-ebf3210416a7,
,,91.0,,81,81,16,1,19,373,364,0,0,,,,,0,840000,,300000,98,,,-1,39480000,9,,,,91.0,,10.0,,,,,,,,,3,175,94.0,89,373,2,,62800471,2024-12-29 22:22:00.000,,62850050,2024-12-30 04:40:13.648,2024-12-30 04:40:07.232,,,UTC+0300,KCkzhBg4bx,,com.sec.android.app.shealth,2024-12-30 04:35:00.000,a7bc5147-c256-43b7-983b-fc48cbd45425,
,,78.0,,46,46,10,0,15,373,297,0,0,,,,,0,960000,,1680000,59,,,-1,1020000,9,,,,76.0,,8.0,,,,,,,,,2,253,95.0,72,373,2,,62800471,2024-12-30 22:07:00.000,,62850050,2024-12-31 04:48:36.997,2024-12-31 04:48:31.100,,,UTC+0300,KCkzhBg4bx,,com.sec.android.app.shealth,2024-12-31 04:20:00.000,1f77a4a2-a644-4711-8afe-87c9faf50b05,
,,78.0,,53,53,1,0,4,293,205,0,0,,,,,0,900000,,1740000,54,,,-1,180000,9,,,,72.0,,2.0,,,,,,,,,2,182,98.0,71,293,2,,62800471,2025-01-01 23:29:00.000,,62850050,2025-01-02 04:52:05.000,2025-01-02 04:51:59.845,,,UTC+0300,KCkzhBg4bx,,com.sec.android.app.shealth,2025-01-02 04:22:00.000,bda18927-7459-4914-96ab-ad130ba70e93,
,,77.0,,71,100,6,1,32,408,210,0,20,,,,,0,1080000,,900000,63,,,-1,18300000,9,,,,94.0,,16.0,,,,,,,,,2,213,92.0,83,408,2,,62800471,2025-01-02 21:51:00.000,,62850050,2025-01-03 04:55:48.755,2025-01-03 04:54:29.177,,,UTC+0300,KCkzhBg4bx,,com.sec.android.app.shealth,2025-01-03 04:39:00.000,4a1b6d5a-7311-4230-b151-530eb8e494aa,
,,98.0,,97,97,10,2,11,608,580,0,0,,,,,0,840000,,1500000,177,,,-1,1200000,9,,,,98.0,2025-01-05 10:33:00.000,4.0,,2025-01-05 00:17:00.000,,,,,,,7,323,98.0,83,608,2,,62800471,2025-01-05 00:17:00.000,,62850050,2025-01-05 10:58:51.656,2025-01-05 10:58:19.636,,,UTC+0300,KCkzhBg4bx,,com.sec.android.app.shealth,2025-01-05 10:25:00.000,be474f1d-874d-42f4-aa92-b7dfe0e507db,
,,77.0,,72,72,11,1,23,378,338,0,9,,,,,0,900000,,480000,60,,,-1,5280000,9,,,,87.0,2025-01-06 04:36:00.000,12.0,,2025-01-05 22:12:00.000,,,,,,,2,223,93.0,79,378,2,,62800471,2025-01-05 22:12:00.000,,62850050,2025-01-06 04:44:57.539,2025-01-06 04:44:19.601,,,UTC+0300,KCkzhBg4bx,,com.sec.android.app.shealth,2025-01-06 04:30:00.000,566f3864-13f0-45cb-bff8-26ed2e2d5df3,
,,92.0,,65,65,9,0,10,390,384,0,0,,,,,0,840000,,0,100,,,-1,840000,9,,,,87.0,2025-01-07 05:08:00.000,5.0,,2025-01-06 22:06:00.000,,,,,,,4,215,97.0,92,390,2,,62800471,2025-01-06 22:06:00.000,,62850050,2025-01-07 05:08:55.247,2025-01-07 05:08:48.863,,,UTC+0300,KCkzhBg4bx,,com.sec.android.app.shealth,2025-01-07 04:36:00.000,16bbc59b-9819-4f51-a949-8e6222090288,
,,96.0,,73,73,6,1,9,387,372,0,0,,,,,0,840000,,0,130,,,-1,3300000,9,,,,90.0,2025-01-10 04:38:00.000,4.0,,2025-01-09 22:06:00.000,,,,,,,4,175,97.0,91,387,2,,62800471,2025-01-09 22:06:00.000,,62850050,2025-01-10 04:52:31.041,2025-01-10 04:38:35.112,,,UTC+0300,KCkzhBg4bx,,com.sec.android.app.shealth,2025-01-10 04:33:00.000,cc43a0f2-033b-4026-a154-7d21a826f94e,
,,81.0,,53,53,6,0,10,280,257,0,0,,,,,0,900000,,300000,60,,,-1,6300000,9,,,,70.0,,6.0,,,,,,,,,2,157,96.0,72,280,2,,62800471,2025-01-12 23:58:00.000,,62850050,2025-01-13 04:43:55.507,2025-01-13 04:43:52.204,,,UTC+0300,KCkzhBg4bx,,com.sec.android.app.shealth,2025-01-13 04:38:00.000,dafd4d59-df6c-4205-a763-a147cef2da63,
,,85.0,,73,73,11,2,14,303,276,0,3,,,,,0,1020000,,1560000,71,50efa1db-9aca-4912-9d54-66fb7dd99cb7,,-1,2940000,9,,,,83.0,,10.0,,,,,,,,,3,145,95.0,75,303,2,,62800471,2025-01-13 20:03:00.000,,62850050,2025-01-14 04:36:05.345,2025-01-14 01:32:08.588,,,UTC+0300,KCkzhBg4bx,,com.sec.android.app.shealth,2025-01-14 01:06:00.000,cc70f158-ffa8-4e90-9ee6-df8704bd833f,
,,76.0,,40,40,10,0,10,187,186,0,0,,,,,0,780000,,0,45,50efa1db-9aca-4912-9d54-66fb7dd99cb7,,-1,540000,9,,,,44.0,,11.0,,,,,,,,,0,92,94.0,56,187,2,,62800471,2025-01-14 01:28:00.000,,62850050,2025-01-14 04:36:05.351,2025-01-14 04:35:01.559,,,UTC+0300,KCkzhBg4bx,,com.sec.android.app.shealth,2025-01-14 04:35:00.000,83816988-7550-463d-bf0d-c686310a493c,
,,95.0,,45,71,4,2,21,396,169,0,10,,,,,0,960000,,480000,122,,,-1,3120000,9,,,,88.0,,11.0,,,82800000,,,,,25200000,6,182,94.0,89,396,2,,62900571,2025-01-15 21:54:00.000,,62900750,2025-01-16 04:38:53.118,2025-01-16 04:38:43.516,,,UTC+0300,KCkzhBg4bx,,com.sec.android.app.shealth,2025-01-16 04:30:00.000,4ae37b69-6f03-4b09-8491-fcd61b53dc7e,
,,90.0,,71,71,3,0,9,374,301,0,0,,,,,0,900000,,960000,87,,,-1,1200000,9,,,,88.0,,4.0,,,82800000,,,,,25200000,3,207,97.0,88,374,2,,62900571,2025-01-16 22:21:00.000,,62900750,2025-01-17 04:52:07.545,2025-01-17 04:51:57.916,,,UTC+0300,KCkzhBg4bx,,com.sec.android.app.shealth,2025-01-17 04:35:00.000,d15ecd63-c1bb-4d38-ac2c-7a6ff7dc6284,
,,94.0,,66,67,4,0,16,403,213,0,6,,,,,0,780000,,540000,112,,,-1,600000,9,,,,88.0,,8.0,,,82800000,,,,,25200000,4,208,96.0,94,403,2,,62900571,2025-01-20 21:45:00.000,,62900750,2025-01-21 04:38:09.143,2025-01-21 04:37:16.160,,,UTC+0300,KCkzhBg4bx,,com.sec.android.app.shealth,2025-01-21 04:28:00.000,df9c313c-7dbd-47dc-a1f9-2123581f3876,
,,94.0,,81,81,4,1,7,464,327,0,0,,,,,0,840000,,360000,105,,,-1,2400000,9,,,,94.0,2025-01-22 04:43:00.000,3.0,,2025-01-21 20:49:00.000,82800000,,,,,25200000,4,271,98.0,96,464,2,,62900571,2025-01-21 20:49:00.000,,62900750,2025-01-22 04:50:09.665,2025-01-22 04:49:03.987,,,UTC+0300,KCkzhBg4bx,,com.sec.android.app.shealth,2025-01-22 04:33:30.000,66063c27-8569-406b-a7f2-fd5dd9e92618,
,,91.0,,78,78,5,0,10,414,383,0,0,,,,,0,960000,,540000,90,,,-1,840000,9,,,,92.0,,4.0,,,82800000,,,,,25200000,3,236,97.0,94,414,2,,62900571,2025-01-22 21:34:00.000,,62900750,2025-01-23 04:37:52.124,2025-01-23 04:37:43.926,,,UTC+0300,KCkzhBg4bx,,com.sec.android.app.shealth,2025-01-23 04:28:00.000,38daf7b6-24be-4289-9d16-f4892fcb83a2,
,,90.0,,73,73,10,0,16,356,319,0,3,,,,,0,780000,,300000,88,,,-1,1560000,9,,,,87.0,2025-01-24 04:38:00.000,9.0,,2025-01-23 22:13:00.000,82800000,,,,,25200000,2,179,95.0,81,356,2,,62900571,2025-01-23 22:13:00.000,,62900750,2025-01-24 04:43:19.496,2025-01-24 04:43:11.720,,,UTC+0300,KCkzhBg4bx,,com.sec.android.app.shealth,2025-01-24 04:09:00.000,e53e5d6f-a4fe-4b7a-9248-982b391d0df1,
,,95.0,,64,64,11,2,17,414,382,0,6,,,,,0,1200000,,1500000,127,,,-1,2820000,9,,,,87.0,,9.0,,,82800000,,,,,25200000,3,206,95.0,91,414,2,,62900571,2025-01-30 21:32:00.000,,62900750,2025-01-31 04:55:02.408,2025-01-31 04:51:24.460,,,UTC+0300,KCkzhBg4bx,,com.sec.android.app.shealth,2025-01-31 04:26:00.000,b9d57402-52f2-4b9d-a47c-2665e15406b6,
,,96.0,,51,57,2,1,18,485,182,0,9,,,,,0,900000,,1560000,137,,,-1,3300000,9,,,,89.0,,7.0,,,82800000,,,,,25200000,3,273,96.0,91,485,2,,62900571,2025-02-01 22:41:00.000,,62900750,2025-02-02 07:12:32.172,2025-02-02 07:12:24.056,,,UTC+0300,KCkzhBg4bx,,com.sec.android.app.shealth,2025-02-02 06:46:00.000,ea8c2ebd-2876-4a86-9231-50f3eb5ea198,
,,93.0,,51,51,3,1,12,417,191,0,0,,,,,0,960000,,600000,108,,,-1,3360000,9,,,,83.0,,4.0,,,82800000,,,,,25200000,3,246,97.0,91,417,2,,62900571,2025-02-02 21:39:00.000,,62900750,2025-02-03 04:46:58.179,2025-02-03 04:46:50.124,,,UTC+0300,KCkzhBg4bx,,com.sec.android.app.shealth,2025-02-03 04:36:00.000,f9b7e74d-7af0-46c6-bbbd-10b2639ad3c2,
,,86.0,,49,49,7,0,13,431,377,0,3,,,,,0,960000,,1140000,76,,,-1,2100000,9,,,,82.0,,6.0,,,82800000,,,,,25200000,3,293,96.0,84,431,2,,62900571,2025-02-04 21:17:00.000,,62900750,2025-02-05 04:47:50.680,2025-02-05 04:47:43.033,,,UTC+0300,KCkzhBg4bx,,com.sec.android.app.shealth,2025-02-05 04:28:00.000,645c76da-edd5-4d2b-a2a1-c034be55c884,
,,93.0,,73,73,8,3,10,415,363,0,0,,,,,0,1020000,,1140000,103,,,-1,1800000,9,,,,91.0,2025-02-06 04:35:00.000,5.0,,2025-02-05 21:35:00.000,82800000,,,,,25200000,3,229,97.0,92,415,2,,62900571,2025-02-05 21:35:00.000,,62900750,2025-02-06 04:54:31.605,2025-02-06 04:54:23.041,,,UTC+0300,KCkzhBg4bx,,com.sec.android.app.shealth,2025-02-06 04:30:00.000,4a6de744-699b-43a7-b6df-44ab69c5a09f,
,,90.0,,55,55,7,0,11,383,338,0,0,,,,,0,780000,,1140000,89,,,-1,240000,9,,,,82.0,,5.0,,,82800000,,,,,25200000,3,228,97.0,83,383,2,,62900571,2025-02-09 22:12:00.000,,62900750,2025-02-10 04:54:12.309,2025-02-10 04:54:04.055,,,UTC+0300,KCkzhBg4bx,,com.sec.android.app.shealth,2025-02-10 04:35:00.000,b9aec101-4863-4c6a-8804-94945db02a9c,
,,89.0,,73,73,11,1,18,342,322,0,3,,,,,0,780000,,540000,87,,,-1,2040000,9,,,,86.0,,10.0,,,82800000,,,,,25200000,3,164,94.0,82,342,2,,62900571,2025-02-10 22:52:00.000,,62900750,2025-02-11 04:44:35.319,2025-02-11 04:43:40.206,,,UTC+0300,KCkzhBg4bx,,com.sec.android.app.shealth,2025-02-11 04:34:00.000,3ebcd469-04f6-418d-8116-e2702bedb346,
,,94.0,,24,79,3,0,11,444,77,0,0,,,,,0,1020000,,720000,114,,,-1,660000,9,,,,93.0,2025-02-12 04:35:00.000,6.0,,2025-02-11 21:06:00.000,82800000,,,,,25200000,4,240,97.0,96,444,2,,62900571,2025-02-11 21:06:00.000,,62920010,2025-02-12 04:47:47.777,2025-02-12 04:47:34.148,,,UTC+0300,KCkzhBg4bx,,com.sec.android.app.shealth,2025-02-12 04:30:00.000,d34ef886-492a-4650-8b23-b3ea1042ca38,
,,87.0,,12,82,2,0,13,350,57,0,3,,,,,0,840000,,300000,77,,,-1,3660000,9,,,,90.0,2025-02-13 04:55:00.000,9.0,,2025-02-12 22:40:00.000,82800000,,,,,25200000,4,178,96.0,80,350,2,,62900571,2025-02-12 22:40:00.000,,62920010,2025-02-13 05:00:28.850,2025-02-13 05:00:13.522,,,UTC+0300,KCkzhBg4bx,,com.sec.android.app.shealth,2025-02-13 04:30:00.000,bccf2d8c-4469-45c5-bdcd-e8a7ea9784ac,
,,,,,,,,,,,,,,,,,0,900000,,480000,,,,,2340000,,,,,,,,,,,,,,,,,,,,,,,62910031,2025-02-16 22:02:00.000,,62910031,2025-02-17 04:03:51.562,2025-02-17 04:03:51.562,,,UTC+0300,KCkzhBg4bx,,com.sec.android.app.shealth,2025-02-17 03:55:00.000,426d0f70-838b-4017-84e0-4d45d173ab84,
,,,,,,,,,,,,,,,,,0,1140000,,300000,,,,,780000,,,,,,,,,,,,,,,,,,,,,,,62910031,2025-02-18 23:27:00.000,,62910031,2025-02-19 03:55:40.955,2025-02-19 03:55:40.955,,,UTC+0300,KCkzhBg4bx,,com.sec.android.app.shealth,2025-02-19 03:50:00.000,6a2a46ff-3e00-4261-9a78-3877bc45f014,
,,,,,,,,,,,,,,,,,0,900000,,300000,,,,,1260000,,,,,,,,,,,,,,,,,,,,,,,62910031,2025-02-19 04:01:00.000,,62910031,2025-02-19 05:23:51.460,2025-02-19 05:23:51.460,,,UTC+0300,KCkzhBg4bx,,com.sec.android.app.shealth,2025-02-19 05:18:00.000,3fff17ee-8c77-4e81-bc13-896633d487cf,
,,,,,,,,,,,,,,,,,0,780000,,360000,,,,,840000,,,,,,,,,,,,,,,,,,,,,,,62910031,2025-02-19 22:05:00.000,,62910031,2025-02-20 03:58:38.930,2025-02-20 03:58:38.930,,,UTC+0300,KCkzhBg4bx,,com.sec.android.app.shealth,2025-02-20 03:52:00.000,d4b08df2-41b6-4714-9c42-d5edb6c401cb,
,,,,,,,,,,,,,,,,,0,840000,,300000,,,,,960000,,,,,,,,,,,,,,,,,,,,,,,62910031,2025-02-23 23:05:00.000,,62910031,2025-02-24 04:40:08.673,2025-02-24 04:40:08.673,,,UTC+0300,KCkzhBg4bx,,com.sec.android.app.shealth,2025-02-24 04:35:00.000,22d79ff8-125a-4eef-b8df-523ec474668c,
,,,,,,,,,,,,,,,,,0,900000,,300000,,,,,960000,,,,,,,,,,,,,,,,,,,,,,,62910031,2025-02-24 21:58:00.000,,62910031,2025-02-25 04:45:15.376,2025-02-25 04:45:15.376,,,UTC+0300,KCkzhBg4bx,,com.sec.android.app.shealth,2025-02-25 04:40:00.000,4f55c0e2-aa4d-43fc-adde-4863da81d7a1,
,,,,,,,,,,,,,,,,,0,900000,,720000,,,,,2160000,,,,,,,,,,,,,,,,,,,,,,,62910031,2025-02-25 21:56:00.000,,62910031,2025-02-26 04:52:14.304,2025-02-26 04:52:14.304,,,UTC+0300,KCkzhBg4bx,,com.sec.android.app.shealth,2025-02-26 04:40:00.000,730d3a61-72bb-4aa3-b644-bed6dd237a4e,
,,,,,,,,,,,,,,,,,0,1020000,,1020000,,,,,1740000,,,,,,,,,,,,,,,,,,,,,,,62910031,2025-03-02 22:24:00.000,,62910031,2025-03-03 04:44:32.896,2025-03-03 04:44:32.896,,,UTC+0300,KCkzhBg4bx,,com.sec.android.app.shealth,2025-03-03 04:27:00.000,d6ff8046-d61b-42ee-b332-23b83c24a775,
,,,,,,,,,,,,,,,,,0,900000,,720000,,,,,60000,,,,,,,,,,,,,,,,,,,,,,,62910031,2025-03-03 21:48:00.000,,62910031,2025-03-04 04:37:35.237,2025-03-04 04:37:35.237,,,UTC+0300,KCkzhBg4bx,,com.sec.android.app.shealth,2025-03-04 04:25:00.000,ddbb207d-c4d8-44c4-89ec-30ab52a61bbd,
,,,,,,,,,,,,,,,,,0,1020000,,840000,,,,,720000,,,,,,,,,,,,,,,,,,,,,,,62910031,2025-03-04 21:43:00.000,,62910031,2025-03-05 04:39:29.383,2025-03-05 04:39:29.383,,,UTC+0300,KCkzhBg4bx,,com.sec.android.app.shealth,2025-03-05 04:25:00.000,12ae14ae-a2ce-42e7-ad41-92b58f3f2e89,
,,,,,,,,,,,,,,,,,0,900000,,540000,,,,,2580000,,,,,,,,,,,,,,,,,,,,,,,62910031,2025-03-05 22:25:00.000,,62910031,2025-03-06 04:38:41.581,2025-03-06 04:38:41.581,,,UTC+0300,KCkzhBg4bx,,com.sec.android.app.shealth,2025-03-06 04:29:00.000,ae1d44e3-c14f-4e1c-a4d1-e7e6c27bef62,
,,,,,,,,,,,,,,,,,0,840000,,900000,,,,,900000,,,,,,,,,,,,,,,,,,,,,,,62910031,2025-03-06 22:00:00.000,,62910031,2025-03-07 04:38:01.772,2025-03-07 04:38:01.772,,,UTC+0300,KCkzhBg4bx,,com.sec.android.app.shealth,2025-03-07 04:23:00.000,b76eb258-5f0b-4d37-9fc5-8c1d7eddad22,
,,,,,,,,,,,,,,,,,0,1020000,,360000,,,,,480000,,,,,,,,,,,,,,,,,,,,,,,62910031,2025-03-09 21:40:00.000,,62910031,2025-03-10 04:39:30.891,2025-03-10 04:39:30.891,,,UTC+0300,KCkzhBg4bx,,com.sec.android.app.shealth,2025-03-10 04:33:00.000,3cf1bc5a-e1ec-49b6-816a-cd8adb800713,
,,,,,,,,,,,,,,,,,0,900000,,1800000,,,,,1140000,,,,,,,,,,,,,,,,,,,,,,,62910031,2025-03-10 22:03:00.000,,62910031,2025-03-11 01:39:26.142,2025-03-11 01:39:26.142,,,UTC+0300,KCkzhBg4bx,,com.sec.android.app.shealth,2025-03-11 01:09:00.000,65576257-e0a8-496b-96b3-0fccff29fde1,
,,,,,,,,,,,,,,,,,0,1200000,,300000,,,,,1560000,,,,,,,,,,,,,,,,,,,,,,,62910031,2025-03-11 01:45:00.000,,62910031,2025-03-11 04:40:42.564,2025-03-11 04:40:42.564,,,UTC+0300,KCkzhBg4bx,,com.sec.android.app.shealth,2025-03-11 04:35:00.000,082e5e9d-4219-4b7d-846b-ae3bc731ed47,
,,,,,,,,,,,,,,,,,0,900000,,300000,,,,,1320000,,,,,,,,,,,,,,,,,,,,,,,62910031,2025-03-11 22:43:00.000,,62910031,2025-03-12 04:43:47.064,2025-03-12 04:43:47.064,,,UTC+0300,KCkzhBg4bx,,com.sec.android.app.shealth,2025-03-12 04:38:00.000,b1701b01-1cee-46b8-96e0-45bc71b351cd,
,,,,,,,,,,,,,,,,,0,840000,,480000,,,,,960000,,,,,,,,,,,,,,,,,,,,,,,62910031,2025-03-12 22:11:00.000,,62910031,2025-03-13 04:47:55.423,2025-03-13 04:47:55.423,,,UTC+0300,KCkzhBg4bx,,com.sec.android.app.shealth,2025-03-13 04:39:00.000,ffc6ed8b-383f-45aa-be02-859d8ec65d93,
,,,,,,,,,,,,,,,,,0,1080000,,780000,,,,,720000,,,,,,,,,,,,,,,,,,,,,,,62910031,2025-03-13 23:04:00.000,,62910031,2025-03-14 05:02:15.001,2025-03-14 05:02:15.001,,,UTC+0300,KCkzhBg4bx,,com.sec.android.app.shealth,2025-03-14 04:49:00.000,e9ec1bd9-f1ba-44f4-bded-fd505947048f,
,,,,,,,,,,,,,,,,,0,840000,,720000,,,,,3540000,,,,,,,,,,,,,,,,,,,,,,,62910031,2025-03-16 22:53:00.000,,62910031,2025-03-17 04:56:30.304,2025-03-17 04:56:30.304,,,UTC+0300,KCkzhBg4bx,,com.sec.android.app.shealth,2025-03-17 04:44:00.000,aec28793-2d65-48f2-8493-4073181c6b2b,
,,,,,,,,,,,,,,,,,0,840000,,720000,,,,,3900000,,,,,,,,,,,,,,,,,,,,,,,62910031,2025-03-17 21:05:00.000,,62910031,2025-03-18 04:56:56.089,2025-03-18 04:56:56.089,,,UTC+0300,KCkzhBg4bx,,com.sec.android.app.shealth,2025-03-18 04:44:00.000,b16576f7-0a46-4b1a-b006-240712a977e5,
,,,,,,,,,,,,,,,,,0,960000,,360000,,,,,540000,,,,,,,,,,,,,,,,,,,,,,,62910031,2025-03-18 21:01:00.000,,62910031,2025-03-19 04:54:22.246,2025-03-19 04:54:22.246,,,UTC+0300,KCkzhBg4bx,,com.sec.android.app.shealth,2025-03-19 04:48:00.000,9a6a3cac-4f00-4db7-a589-bacce3074d36,
,,,,,,,,,,,,,,,,,0,840000,,660000,,,,,780000,,,,,,,,,,,,,,,,,,,,,,,62910031,2025-03-19 20:48:00.000,,62910031,2025-03-20 04:49:46.191,2025-03-20 04:49:46.191,,,UTC+0300,KCkzhBg4bx,,com.sec.android.app.shealth,2025-03-20 04:38:00.000,3ed5a523-bd72-4468-9541-727efd9944e6,
,,,,,,,,,,,,,,,,,0,780000,,600000,,,,,2340000,,,,,,,,,,,,,,,,,,,,,,,62910031,2025-03-20 21:17:00.000,,62910031,2025-03-21 04:51:03.554,2025-03-21 04:51:03.554,,,UTC+0300,KCkzhBg4bx,,com.sec.android.app.shealth,2025-03-21 04:41:00.000,bb3d9638-b5d1-4366-a9fd-f10734633a25,
,,93.0,,51,72,3,0,12,425,186,0,0,,,,,0,1080000,,720000,103,,,-1,540000,9,,,,91.0,2025-03-24 04:49:00.000,5.0,,2025-03-23 21:32:00.000,82800000,,,,,25200000,3,238,97.0,96,425,2,,62910031,2025-03-23 21:32:00.000,,62930070,2025-03-24 05:03:09.659,2025-03-24 05:01:25.715,,,UTC+0300,KCkzhBg4bx,,com.sec.android.app.shealth,2025-03-24 04:37:00.000,22ad9a7b-416b-45fc-9313-8bbe57208cf9,
,,92.0,,11,72,3,0,27,414,65,0,9,,,,,0,780000,,300000,108,,,-1,1380000,9,,,,89.0,2025-03-25 04:49:00.000,14.0,,2025-03-24 21:41:00.000,82800000,,,,,25200000,5,207,93.0,92,414,2,,62910031,2025-03-24 21:41:00.000,,62930070,2025-03-25 04:54:54.130,2025-03-25 04:54:43.089,,,UTC+0300,KCkzhBg4bx,,com.sec.android.app.shealth,2025-03-25 04:35:30.000,72ac5ac4-5180-433f-a31f-c44f74772796,
,,96.0,,56,60,6,1,14,474,267,0,5,,,,,0,900000,,480000,143,,,-1,840000,9,,,,89.0,,7.0,,,82800000,,,,,25200000,5,257,96.0,89,474,2,,62910031,2025-03-25 20:52:00.000,,62930070,2025-03-26 04:55:11.421,2025-03-26 04:54:59.153,,,UTC+0300,KCkzhBg4bx,,com.sec.android.app.shealth,2025-03-26 04:46:00.000,32ee8fb1-d284-4e31-9f3a-555360ad43c9,
,,95.0,,54,54,10,2,11,400,398,0,0,,,,,0,960000,,1080000,120,,,-1,840000,9,,,,83.0,,6.0,,,82800000,,,,,25200000,4,215,97.0,85,400,2,,62910031,2025-03-26 21:55:00.000,,62930070,2025-03-27 04:53:25.436,2025-03-27 04:53:11.602,,,UTC+0300,KCkzhBg4bx,,com.sec.android.app.shealth,2025-03-27 04:35:00.000,1854bd5e-d79e-44a3-8f45-527cff1a2325,
,,84.0,,52,58,9,0,9,323,268,0,0,,,,,0,780000,,1200000,68,,,-1,1680000,9,,,,78.0,,6.0,,,82800000,,,,,25200000,2,188,97.0,76,323,2,,62910031,2025-04-01 23:16:00.000,,62930070,2025-04-02 05:00:15.892,2025-04-02 04:59:56.880,,,UTC+0300,KCkzhBg4bx,,com.sec.android.app.shealth,2025-04-02 04:39:00.000,b252a0ff-7bc9-4c04-99bd-debdc5cae718,
,,92.0,,59,89,2,0,6,346,209,0,0,,,,,0,960000,,900000,95,,,-1,60000,9,,,,92.0,2025-04-03 04:44:00.000,3.0,,2025-04-02 22:50:00.000,82800000,,,,,25200000,3,156,98.0,84,346,2,,62910031,2025-04-02 22:50:00.000,,62950170,2025-04-03 04:59:14.903,2025-04-03 04:59:04.335,,,UTC+0300,KCkzhBg4bx,,com.sec.android.app.shealth,2025-04-03 04:36:30.000,4d6e55ce-af4b-4b02-8ffa-04758db271da,
,,83.0,,80,80,12,1,14,365,356,0,0,,,,,0,900000,,360000,68,,,-1,1200000,9,,,,90.0,2025-04-04 04:46:00.000,7.0,,2025-04-03 22:31:00.000,82800000,,,,,25200000,3,203,96.0,81,365,2,,62950051,2025-04-03 22:31:00.000,,62950170,2025-04-04 04:54:58.657,2025-04-04 04:52:24.983,,,UTC+0300,KCkzhBg4bx,,com.sec.android.app.shealth,2025-04-04 04:36:00.000,c92cd17d-bcfc-4da1-aad1-a999a51d33dc,
,,98.0,,113,113,7,0,8,553,552,0,0,,,,,0,900000,,0,159,,,-1,1500000,9,,,,98.0,2025-04-05 07:44:00.000,3.0,,2025-04-04 22:19:00.000,82800000,,,,,25200000,6,273,98.0,96,553,2,,62950051,2025-04-04 22:19:00.000,,62950170,2025-04-05 07:44:24.347,2025-04-05 07:44:11.550,,,UTC+0300,KCkzhBg4bx,,com.sec.android.app.shealth,2025-04-05 07:32:30.000,03a3fc34-3460-4497-83c4-f1cf74e1c3b4,
,,89.0,,81,81,8,1,10,376,373,0,0,,,,,0,1200000,,960000,82,,,-1,3000000,9,,,,91.0,,5.0,,,82800000,,,,,25200000,3,203,97.0,86,376,2,,62950051,2025-04-06 22:22:00.000,,62950170,2025-04-07 04:54:55.081,2025-04-07 04:54:47.111,,,UTC+0300,KCkzhBg4bx,,com.sec.android.app.shealth,2025-04-07 04:38:00.000,f1c88b07-0897-488a-9bdb-eda0429a942b,
,,86.0,,56,84,1,2,13,412,154,0,0,,,,,0,1200000,,840000,75,,,-1,1020000,9,,,,93.0,2025-04-08 04:43:00.000,4.0,,2025-04-07 21:44:00.000,82800000,,,,,25200000,4,240,96.0,92,412,2,,62950051,2025-04-07 21:44:00.000,,62950170,2025-04-08 04:57:27.014,2025-04-08 04:57:16.824,,,UTC+0300,KCkzhBg4bx,,com.sec.android.app.shealth,2025-04-08 04:36:00.000,88917b7f-dd16-4ac5-a8ba-e942b36014b0,
,,93.0,,79,95,3,1,8,381,282,0,0,,,,,0,900000,,300000,103,,,-1,660000,9,,,,94.0,,3.0,,,82800000,,,,,25200000,4,175,97.0,90,381,2,,62950051,2025-04-08 22:28:00.000,,62950170,2025-04-09 04:54:55.531,2025-04-09 04:54:46.048,,,UTC+0300,KCkzhBg4bx,,com.sec.android.app.shealth,2025-04-09 04:49:00.000,235c66e4-e012-428f-baa4-6783aebe02d4,
,,93.0,,40,88,15,0,22,420,132,0,13,,,,,0,780000,,540000,110,,,-1,1680000,9,,,,93.0,2025-04-10 04:46:00.000,20.0,,2025-04-09 21:35:00.000,82800000,,,,,25200000,3,200,94.0,91,420,2,,62950051,2025-04-09 21:35:00.000,,62950170,2025-04-10 04:55:18.675,2025-04-10 04:55:05.810,,,UTC+0300,KCkzhBg4bx,,com.sec.android.app.shealth,2025-04-10 04:35:00.000,377d8e47-191d-4e1d-a286-6de56c7f2dd4,
,,95.0,,51,81,6,2,13,419,157,0,3,,,,,0,1080000,,360000,124,,,-1,720000,9,,,,93.0,2025-04-11 04:42:00.000,8.0,,2025-04-10 21:37:00.000,82800000,,,,,25200000,5,201,96.0,98,419,2,,62950051,2025-04-10 21:37:00.000,,62950170,2025-04-11 04:49:15.549,2025-04-11 04:48:27.999,,,UTC+0300,KCkzhBg4bx,,com.sec.android.app.shealth,2025-04-11 04:36:00.000,464b564a-aeef-439c-b34c-d4b9b9460b96,
,,90.0,,87,103,2,1,10,427,190,0,4,,,,,0,960000,,840000,86,,,-1,1140000,9,,,,96.0,2025-04-14 04:40:00.000,5.0,,2025-04-13 21:27:00.000,82800000,,,,,25200000,3,228,97.0,94,427,2,,62950051,2025-04-13 21:27:00.000,,62950170,2025-04-14 04:55:00.631,2025-04-14 04:54:49.560,,,UTC+0300,KCkzhBg4bx,,com.sec.android.app.shealth,2025-04-14 04:34:30.000,b481872e-10bc-41aa-bed1-0d7e4374c816,
,,91.0,,20,77,5,1,23,443,125,0,4,,,,,0,840000,,420000,96,,,-1,480000,9,,,,93.0,2025-04-15 04:40:00.000,11.0,,2025-04-14 21:12:00.000,82800000,,,,,25200000,4,247,94.0,90,443,2,,62950051,2025-04-14 21:12:00.000,,62950170,2025-04-15 04:48:39.815,2025-04-15 04:47:57.346,,,UTC+0300,KCkzhBg4bx,,com.sec.android.app.shealth,2025-04-15 04:35:30.000,672df21e-869f-4d85-97c5-bb0e1772499f,
,,92.0,,35,55,2,0,9,382,165,0,0,,,,,0,840000,,600000,96,,,-1,4320000,9,,,,82.0,,4.0,,,82800000,,,,,25200000,3,222,97.0,84,382,2,,62950051,2025-04-15 22:15:00.000,,62950170,2025-04-16 04:47:42.467,2025-04-16 04:47:04.312,,,UTC+0300,KCkzhBg4bx,,com.sec.android.app.shealth,2025-04-16 04:37:00.000,820e2f6e-f97e-4dd9-bdca-8ba01143eb30,
,,91.0,,103,103,3,0,6,381,342,0,0,,,,,0,900000,,600000,91,,,-1,720000,9,,,,95.0,2025-04-17 04:44:00.000,3.0,,2025-04-16 22:13:00.000,82800000,,,,,25200000,4,181,98.0,87,381,2,,62950051,2025-04-16 22:13:00.000,,62950170,2025-04-17 04:55:07.711,2025-04-17 04:55:00.785,,,UTC+0300,KCkzhBg4bx,,com.sec.android.app.shealth,2025-04-17 04:34:30.000,e6b296ae-fa9c-482e-b443-83aab69240ba,
,,87.0,,109,109,7,2,8,378,374,0,0,,,,,0,780000,,1080000,76,,,-1,360000,9,,,,96.0,2025-04-21 04:40:00.000,4.0,,2025-04-20 22:17:00.000,82800000,,,,,25200000,4,185,97.0,87,378,2,,62950051,2025-04-20 22:17:00.000,,62950170,2025-04-21 04:58:54.864,2025-04-21 04:58:45.555,,,UTC+0300,KCkzhBg4bx,,com.sec.android.app.shealth,2025-04-21 04:35:00.000,6809b908-200c-4e44-9002-65d1ca76b69b,
,,85.0,,71,71,11,2,14,408,325,0,0,,,,,0,840000,,1020000,73,,,-1,480000,9,,,,90.0,2025-04-22 04:44:00.000,7.0,,2025-04-21 21:46:00.000,82800000,,,,,25200000,3,250,96.0,87,408,2,,62950051,2025-04-21 21:46:00.000,,62950170,2025-04-22 05:01:55.408,2025-04-22 05:01:42.034,,,UTC+0300,KCkzhBg4bx,,com.sec.android.app.shealth,2025-04-22 04:34:00.000,d2c1e762-8a40-4ac3-b4b6-3b20e14701f2,
,,93.0,,73,73,10,0,10,360,359,0,4,,,,,0,780000,,720000,102,,,-1,4800000,9,,,,87.0,,7.0,,,82800000,,,,,25200000,4,175,97.0,85,360,2,,62950051,2025-04-23 22:36:00.000,,62950170,2025-04-24 04:48:59.986,2025-04-24 04:48:48.732,,,UTC+0300,KCkzhBg4bx,,com.sec.android.app.shealth,2025-04-24 04:36:00.000,b8d60e8c-8f02-477f-8321-7aafc6f8a177,
,,95.0,,56,56,2,1,6,414,272,0,0,,,,,0,840000,,1440000,118,,,-1,1620000,9,,,,85.0,,2.0,,,82800000,,,,,25200000,3,234,98.0,91,414,2,,62950051,2025-04-24 21:43:00.000,,62950170,2025-04-25 05:01:58.727,2025-04-25 05:01:50.258,,,UTC+0300,KCkzhBg4bx,,com.sec.android.app.shealth,2025-04-25 04:37:00.000,5c712427-f28c-4b31-af25-9d55f2fccb3a,
,,83.0,,56,56,9,0,10,358,356,0,0,,,,,0,720000,,1020000,66,,,-1,1440000,9,,,,80.0,,5.0,,,82800000,,,,,25200000,3,226,97.0,79,358,2,,62950051,2025-04-27 22:39:00.000,,62950170,2025-04-28 04:54:59.297,2025-04-28 04:54:47.920,,,UTC+0300,KCkzhBg4bx,,com.sec.android.app.shealth,2025-04-28 04:37:00.000,b3dcbbd9-eb31-44f9-876b-e4f918e8b48f,
,,86.0,,48,56,9,0,13,432,188,0,0,,,,,0,780000,,1200000,74,,,-1,360000,9,,,,86.0,,8.0,,,82800000,,,,,25200000,2,289,96.0,80,432,2,,62950051,2025-04-28 21:20:00.000,,62950170,2025-04-29 04:54:36.817,2025-04-29 04:52:58.532,,,UTC+0300,KCkzhBg4bx,,com.sec.android.app.shealth,2025-04-29 04:32:00.000,57fc066c-5e0e-4293-85f2-41f86bb1cb92,
,,90.0,,86,86,4,0,6,359,337,0,0,,,,,0,780000,,1260000,85,,,-1,300000,9,,,,92.0,2025-04-30 04:40:00.000,3.0,,2025-04-29 22:36:00.000,82800000,,,,,25200000,4,182,98.0,85,359,2,,62950051,2025-04-29 22:36:00.000,,62950170,2025-04-30 05:01:18.026,2025-04-30 05:01:06.428,,,UTC+0300,KCkzhBg4bx,,com.sec.android.app.shealth,2025-04-30 04:35:00.000,94bde129-1424-41f9-8b29-f7e2a220825e,
,,73.0,,59,69,2,0,8,325,218,0,3,,,,,0,720000,,1440000,50,,,-1,540000,9,,,,83.0,,5.0,,,82800000,,,,,25200000,3,198,97.0,74,325,2,,62970091,2025-05-01 23:19:00.000,,62950170,2025-05-02 05:08:30.911,2025-05-02 05:08:20.647,,,UTC+0300,KCkzhBg4bx,,com.sec.android.app.shealth,2025-05-02 04:44:00.000,257c4fcb-3885-4e97-ac48-04b89fcb9b11,
,,77.0,,65,65,5,0,12,373,265,0,0,,,,,0,840000,,780000,57,,,-1,1740000,9,,,,86.0,,5.0,,,82800000,,,,,25200000,2,239,96.0,82,373,2,,62970091,2025-05-04 22:29:00.000,,62950170,2025-05-05 04:56:14.760,2025-05-05 04:55:35.675,,,UTC+0300,KCkzhBg4bx,,com.sec.android.app.shealth,2025-05-05 04:42:00.000,17848e77-7e30-437b-93e5-20ae5eaca29a,
,,93.0,,86,86,6,2,13,413,225,0,0,,,,,0,780000,,1140000,104,,,-1,540000,9,,,,94.0,,6.0,,,82800000,,,,,25200000,4,210,96.0,97,413,2,,62970091,2025-05-05 21:39:00.000,,62950170,2025-05-06 04:51:48.316,2025-05-06 04:51:36.998,,,UTC+0300,KCkzhBg4bx,,com.sec.android.app.shealth,2025-05-06 04:32:00.000,125b89f9-7a3f-4bc4-8118-55223b4d1040,
,,95.0,,53,86,2,0,7,389,140,0,0,,,,,0,840000,,840000,113,,,-1,300000,9,,,,93.0,2025-05-07 04:49:00.000,4.0,,2025-05-06 22:10:00.000,82800000,,,,,25200000,4,183,98.0,94,389,2,,62970091,2025-05-06 22:10:00.000,,62950170,2025-05-07 05:03:39.331,2025-05-07 05:03:27.851,,,UTC+0300,KCkzhBg4bx,,com.sec.android.app.shealth,2025-05-07 04:39:30.000,74a759a7-feac-451e-9514-cce14c514765,
,,94.0,,55,55,6,0,13,429,342,0,0,,,,,0,780000,,1320000,112,,,-1,660000,9,,,,86.0,,5.0,,,82800000,,,,,25200000,3,249,96.0,93,429,2,,62970091,2025-05-07 21:30:00.000,,62950170,2025-05-08 05:01:45.484,2025-05-08 05:01:26.376,,,UTC+0300,KCkzhBg4bx,,com.sec.android.app.shealth,2025-05-08 04:39:00.000,c5deb306-7ffb-4ba6-abcb-d761771a36fb,
,,89.0,,99,99,24,2,25,400,399,0,3,,,,,0,840000,,600000,92,,,-1,360000,9,,,,95.0,,13.0,,,82800000,,,,,25200000,4,184,93.0,90,400,2,,62970091,2025-05-08 21:56:00.000,,62950170,2025-05-09 04:46:22.834,2025-05-09 04:46:12.450,,,UTC+0300,KCkzhBg4bx,,com.sec.android.app.shealth,2025-05-09 04:36:00.000,c40cfba3-e683-4386-b348-fe4eb01bd26f,
,,89.0,,66,66,4,1,20,448,351,0,12,,,,,0,780000,,1380000,86,,,-1,3300000,9,,,,89.0,2025-05-11 07:11:00.000,9.0,,2025-05-10 23:36:00.000,82800000,,,,,25200000,3,276,95.0,88,448,2,,62970091,2025-05-10 23:36:00.000,,62950170,2025-05-11 07:35:03.461,2025-05-11 07:34:34.790,,,UTC+0300,KCkzhBg4bx,,com.sec.android.app.shealth,2025-05-11 07:04:30.000,b804e4d5-5c2f-4919-9673-fbb153021cd9,
,,83.0,,50,51,3,0,9,330,220,0,0,,,,,0,780000,,1380000,65,,,-1,5160000,9,,,,74.0,,4.0,,,82800000,,,,,25200000,2,205,97.0,79,330,2,,62970091,2025-05-11 23:12:00.000,,62950170,2025-05-12 05:05:44.009,2025-05-12 05:05:36.951,,,UTC+0300,KCkzhBg4bx,,com.sec.android.app.shealth,2025-05-12 04:42:00.000,4a210852-0e52-4b11-996e-7dd6b2787773,
,,93.0,,109,109,6,0,9,433,381,0,0,,,,,0,900000,,1380000,100,,,-1,240000,9,,,,97.0,2025-05-13 04:42:00.000,4.0,,2025-05-12 21:23:00.000,82800000,,,,,25200000,3,215,97.0,94,433,2,,62970091,2025-05-12 21:23:00.000,,62950170,2025-05-13 05:05:41.976,2025-05-13 05:05:32.350,,,UTC+0300,KCkzhBg4bx,,com.sec.android.app.shealth,2025-05-13 04:36:00.000,eecf67f4-1773-4966-88a4-9768fd1964cf,
,,93.0,,37,60,2,0,9,393,163,0,0,,,,,0,780000,,1260000,100,,,-1,600000,9,,,,85.0,2025-05-14 04:39:00.000,4.0,,2025-05-13 21:58:00.000,82800000,,,,,25200000,3,224,97.0,92,393,2,,62970091,2025-05-13 21:58:00.000,,62950170,2025-05-14 05:00:33.318,2025-05-14 05:00:19.861,,,UTC+0300,KCkzhBg4bx,,com.sec.android.app.shealth,2025-05-14 04:31:30.000,c4cb96f7-0fd3-48c9-8f23-98d7c2074881,
,,92.0,,59,59,8,2,8,416,415,0,0,,,,,0,780000,,900000,99,,,-1,360000,9,,,,87.0,,4.0,,,82800000,,,,,25200000,4,250,97.0,86,416,2,,62970091,2025-05-14 21:38:00.000,,62950170,2025-05-15 04:49:32.663,2025-05-15 04:49:09.534,,,UTC+0300,KCkzhBg4bx,,com.sec.android.app.shealth,2025-05-15 04:34:00.000,fff629c2-0a34-46b7-a178-3aed30bb1f18,
,,91.0,,92,92,11,1,12,425,424,0,0,,,,,0,840000,,600000,91,,,-1,60000,9,,,,95.0,2025-05-16 04:49:00.000,6.0,,2025-05-15 21:34:00.000,82800000,,,,,25200000,3,230,97.0,94,425,2,,62970091,2025-05-15 21:34:00.000,,62950170,2025-05-16 04:59:40.552,2025-05-16 04:59:14.388,,,UTC+0300,KCkzhBg4bx,,com.sec.android.app.shealth,2025-05-16 04:39:30.000,34f6decb-3e29-4b95-9af9-863bef7ae7b5,
,,83.0,,70,70,4,0,4,307,306,0,0,,,,,0,720000,,1200000,62,,,-1,5340000,9,,,,83.0,,3.0,,,82800000,,,,,25200000,3,171,98.0,77,307,2,,62980011,2025-05-19 23:26:00.000,,62950170,2025-05-20 04:53:55.756,2025-05-20 04:53:47.242,,,UTC+0300,KCkzhBg4bx,,com.sec.android.app.shealth,2025-05-20 04:33:00.000,5234e057-9a3b-43a5-b9af-7715aefd7675,
,,75.0,,49,62,1,0,7,352,148,0,0,,,,,0,780000,,1320000,51,,,-1,3780000,9,,,,83.0,2025-05-22 04:42:00.000,3.0,,2025-05-21 22:42:00.000,82800000,,,,,25200000,4,232,97.0,80,352,2,,62980011,2025-05-21 22:42:00.000,,62950170,2025-05-22 05:04:53.927,2025-05-22 05:04:42.819,,,UTC+0300,KCkzhBg4bx,,com.sec.android.app.shealth,2025-05-22 04:34:00.000,78e14aa0-161f-423b-b4c3-6b4695893666,
,,75.0,,18,52,0,0,8,359,83,0,0,,,,,0,780000,,300000,53,,,-1,1440000,9,,,,78.0,2025-05-23 04:39:00.000,3.0,,2025-05-22 22:35:00.000,82800000,,,,,25200000,3,246,97.0,75,359,2,,62980011,2025-05-22 22:35:00.000,,62950170,2025-05-23 04:44:46.760,2025-05-23 04:44:37.538,,,UTC+0300,KCkzhBg4bx,,com.sec.android.app.shealth,2025-05-23 04:34:30.000,e67b9d8a-5004-4f87-a045-3d87bede5215,
,,,,,,,,,,,,,,,,,0,,,,,,,,,,,,,,,,,,0,0,,,,27600000,,,0.0,,,,,62950170,2025-05-25 00:00:00.000,,62950170,2025-05-25 20:27:52.154,2025-05-25 20:27:52.154,,,UTC+0300,sL+KSz6/E2,,com.sec.android.app.shealth,2025-05-25 08:40:00.000,226c3177-738d-495d-8e59-12686a0e547e,
,,96.0,,75,75,12,0,15,474,422,0,0,,,,,0,1080000,,1260000,142,,,-1,4020000,9,,,,94.0,2025-05-26 04:45:00.000,6.0,,2025-05-25 20:44:00.000,82800000,,,,,25200000,3,242,96.0,97,474,2,,62980011,2025-05-25 20:44:00.000,,62950170,2025-05-26 05:06:18.405,2025-05-26 05:06:10.438,,,UTC+0300,KCkzhBg4bx,,com.sec.android.app.shealth,2025-05-26 04:38:30.000,38115b74-a45b-46d6-a17e-81cac77d1505,
,,92.0,,98,98,4,1,9,373,290,0,0,,,,,0,840000,,0,99,,,-1,900000,9,,,,94.0,2025-05-28 04:08:00.000,4.0,,2025-05-27 21:47:00.000,82800000,,,,,25200000,4,167,97.0,89,373,2,,62980011,2025-05-27 21:47:00.000,,62950170,2025-05-28 04:09:06.606,2025-05-28 04:08:59.133,,,UTC+0300,KCkzhBg4bx,,com.sec.android.app.shealth,2025-05-28 04:00:00.000,3d3f5d31-3361-4b7c-b960-04da954c3d86,
,,96.0,,66,100,1,0,6,497,162,0,0,,,,,0,720000,,480000,126,,,-1,1140000,9,,,,97.0,2025-05-29 04:44:00.000,2.0,,2025-05-28 20:21:00.000,82800000,,,,,25200000,5,265,98.0,99,497,2,,62980011,2025-05-28 20:21:00.000,,62950170,2025-05-29 04:53:59.616,2025-05-29 04:52:28.833,,,UTC+0300,KCkzhBg4bx,,com.sec.android.app.shealth,2025-05-29 04:38:30.000,db80c6cc-1ef1-40fa-9741-f9883438d2e2,
,,87.0,,83,83,3,0,6,364,314,0,0,,,,,0,780000,,1320000,76,,,-1,2700000,9,,,,91.0,2025-05-30 04:47:00.000,3.0,,2025-05-29 22:35:00.000,82800000,,,,,25200000,5,199,98.0,86,364,2,,62980011,2025-05-29 22:35:00.000,,62950170,2025-05-30 05:10:57.438,2025-05-30 05:09:35.639,,,UTC+0300,KCkzhBg4bx,,com.sec.android.app.shealth,2025-05-30 04:39:00.000,e1e00141-a8d9-4f9d-b18d-a88b12730dd2,
,,90.0,,42,42,3,0,8,400,298,0,0,,,,,0,960000,,1380000,85,,,-1,2820000,9,,,,75.0,2025-06-02 04:05:00.000,3.0,,2025-06-01 21:17:00.000,82800000,,,,,25200000,3,265,98.0,84,400,2,,62980011,2025-06-01 21:17:00.000,,62950170,2025-06-02 04:29:04.755,2025-06-02 04:28:54.397,,,UTC+0300,KCkzhBg4bx,,com.sec.android.app.shealth,2025-06-02 03:57:00.000,aa71240d-abf2-4baf-b1c2-dbed11d8f246,
34,,94.0,10,27,104,1,2,21,404,92,0,0,,13,,16,0,780000,93,420000,120,,,-1,300000,10,15,15,23,96.0,2025-06-03 04:45:00.000,6.0,,2025-06-02 21:54:00.000,82800000,,,12,21,25200000,4,159,94.0,88,404,2,29,62980011,2025-06-02 21:54:00.000,,63010030,2025-06-03 04:52:55.159,2025-06-03 04:52:39.705,,,UTC+0300,KCkzhBg4bx,,com.sec.android.app.shealth,2025-06-03 04:38:30.000,771c1f3c-f93d-4c77-a53d-72d2f121567c,
34,,92.0,10,36,86,4,2,28,374,150,0,3,,13,,16,0,780000,90,360000,107,,,-1,420000,10,16,15,23,92.0,2025-06-04 04:45:00.000,12.0,,2025-06-03 22:23:00.000,82800000,,,12,20,25200000,3,153,92.0,80,374,2,21,62980011,2025-06-03 22:23:00.000,,63010030,2025-06-04 04:51:18.120,2025-06-04 04:51:09.208,,,UTC+0300,KCkzhBg4bx,,com.sec.android.app.shealth,2025-06-04 04:37:00.000,0c1490f7-b85b-4b02-9a71-db45259e0ee9,
34,,95.0,11,21,91,0,6,20,461,60,0,0,,13,,16,0,900000,87,780000,131,,,-1,2580000,10,12,15,23,96.0,2025-06-05 05:38:00.000,4.0,,2025-06-04 21:48:00.000,82800000,,,12,20,25200000,5,219,96.0,90,461,2,34,62980011,2025-06-04 21:48:00.000,,63010030,2025-06-05 05:51:38.797,2025-06-05 05:51:27.171,,,UTC+0300,KCkzhBg4bx,,com.sec.android.app.shealth,2025-06-05 05:29:30.000,64c480de-58a2-4890-8560-596c07d93822,
34,,92.0,9,48,108,9,0,31,427,137,0,11,,11,,16,0,780000,81,1440000,110,,,-1,3480000,10,9,15,23,96.0,2025-06-09 06:29:00.000,17.0,,2025-06-08 23:15:00.000,82800000,,,12,18,25200000,3,178,93.0,77,427,2,30,62980011,2025-06-08 23:15:00.000,,63010030,2025-06-09 06:53:31.800,2025-06-09 06:53:22.207,,,UTC+0300,KCkzhBg4bx,,com.sec.android.app.shealth,2025-06-09 06:22:30.000,d7534c2c-c27a-4159-a7f3-5c27a335dc4f,
34,,67.0,9,44,65,20,2,37,374,212,0,6,,13,,16,0,780000,88,1380000,50,,,-1,420000,10,16,15,23,85.0,2025-06-10 04:47:00.000,21.0,,2025-06-09 22:27:00.000,82800000,,,12,15,25200000,1,222,90.0,72,374,2,19,62980011,2025-06-09 22:27:00.000,,63010030,2025-06-10 05:10:34.985,2025-06-10 05:10:24.536,,,UTC+0300,KCkzhBg4bx,,com.sec.android.app.shealth,2025-06-10 04:41:30.000,06c48586-7cfb-4747-bd3a-1021e1f0548a,
34,,97.0,11,29,96,1,3,13,446,73,0,0,,13,,16,0,840000,88,660000,149,,,-1,2640000,10,12,15,23,96.0,2025-06-11 04:45:00.000,5.0,,2025-06-10 21:08:00.000,82800000,,,12,19,25200000,4,188,97.0,89,446,2,34,62980011,2025-06-10 21:08:00.000,,63010030,2025-06-11 04:56:32.831,2025-06-11 04:56:22.829,,,UTC+0300,KCkzhBg4bx,,com.sec.android.app.shealth,2025-06-11 04:34:30.000,5123ffa0-4637-4f09-be8f-29987e57aab8,
34,,87.0,9,53,93,13,11,40,420,165,0,3,,12,,16,0,780000,88,300000,89,,,-1,420000,10,16,15,23,95.0,2025-06-12 04:44:00.000,18.0,,2025-06-11 21:32:00.000,82800000,,,12,20,25200000,3,198,90.0,85,420,2,28,62980011,2025-06-11 21:32:00.000,,63010030,2025-06-12 04:49:35.773,2025-06-12 04:49:22.672,,,UTC+0300,KCkzhBg4bx,,com.sec.android.app.shealth,2025-06-12 04:32:30.000,b9489ab4-6480-40ce-ae8c-4402a444e987,
34,,93.0,10,24,110,1,2,30,420,72,0,4,,13,,16,0,840000,91,1020000,114,,,-1,360000,10,16,15,23,96.0,,10.0,,,82800000,,,12,21,25200000,5,166,92.0,89,420,2,29,62980011,2025-06-12 21:35:00.000,,63010030,2025-06-13 04:52:36.512,2025-06-13 04:52:24.144,,,UTC+0300,KCkzhBg4bx,,com.sec.android.app.shealth,2025-06-13 04:35:00.000,c059c425-6871-4d72-9126-eab882230b6d,
34,,89.0,10,26,109,3,1,19,403,82,0,6,,13,,16,0,900000,93,420000,88,,,-1,480000,10,16,15,23,96.0,2025-06-16 04:44:00.000,11.0,,2025-06-15 21:51:00.000,82800000,,,12,21,25200000,3,187,95.0,88,403,2,28,62980011,2025-06-15 21:51:00.000,,63010030,2025-06-16 04:51:17.406,2025-06-16 04:51:07.514,,,UTC+0300,KCkzhBg4bx,,com.sec.android.app.shealth,2025-06-16 04:34:30.000,7e20785e-417a-4d0e-8fb2-ba4b9490fa5c,
34,,82.0,9,92,105,7,3,33,370,174,0,10,,11,,16,0,840000,81,1380000,72,,,-1,2580000,10,12,15,23,94.0,2025-06-17 04:42:00.000,16.0,,2025-06-16 22:24:00.000,82800000,,,12,18,25200000,3,160,92.0,69,370,2,19,62980011,2025-06-16 22:24:00.000,,63010030,2025-06-17 05:05:24.293,2025-06-17 05:05:14.806,,,UTC+0300,KCkzhBg4bx,,com.sec.android.app.shealth,2025-06-17 04:34:30.000,6175b62a-defd-4e46-9066-88d049fe6190,
34,,96.0,10,34,105,0,3,17,404,72,0,7,,13,,16,0,780000,93,420000,139,,,-1,540000,10,16,15,23,95.0,2025-06-19 04:46:00.000,7.0,,2025-06-18 21:55:00.000,82800000,,,12,20,25200000,4,143,95.0,88,404,2,29,62980011,2025-06-18 21:55:00.000,,63010030,2025-06-19 04:53:52.482,2025-06-19 04:53:38.036,,,UTC+0300,KCkzhBg4bx,,com.sec.android.app.shealth,2025-06-19 04:39:00.000,0470633a-1c6a-496b-94fd-bc97bab1384a,
34,,85.0,11,64,98,9,3,13,315,211,0,0,,12,,16,0,720000,92,1440000,70,93aceef9-c9fa-48a0-9ea3-d9a366440531,,-1,720000,10,16,15,23,92.0,,9.0,,,82800000,,,12,21,25200000,2,134,95.0,73,315,2,13,62980011,2025-06-19 21:37:00.000,,63010030,2025-06-20 04:54:37.277,2025-06-20 03:16:21.030,,,UTC+0300,KCkzhBg4bx,,com.sec.android.app.shealth,2025-06-20 02:52:00.000,74f9d213-6613-4c7d-aae5-0e1c5d596913,
34,,39.0,10,0,12,0,0,5,83,28,0,0,,10,,16,0,840000,73,660000,12,93aceef9-c9fa-48a0-9ea3-d9a366440531,,-1,1380000,10,16,15,23,12.0,2025-06-20 04:43:00.000,7.0,,2025-06-20 03:15:00.000,82800000,,,12,14,25200000,1,54,94.0,52,83,2,2,62980011,2025-06-20 03:15:00.000,,63010030,2025-06-20 04:54:37.291,2025-06-20 04:54:30.480,,,UTC+0300,KCkzhBg4bx,,com.sec.android.app.shealth,2025-06-20 04:38:30.000,a255aa2e-c5cd-4c10-b5b0-91a8361e999a,
34,,93.0,11,28,91,3,1,14,377,103,0,0,,12,,16,0,780000,86,1320000,104,,,-1,2580000,10,12,15,23,93.0,2025-06-23 04:45:00.000,7.0,,2025-06-22 22:17:00.000,82800000,,,12,19,25200000,3,168,96.0,79,377,2,25,62980011,2025-06-22 22:17:00.000,,63010030,2025-06-23 05:07:52.927,2025-06-23 05:07:44.406,,,UTC+0300,KCkzhBg4bx,,com.sec.android.app.shealth,2025-06-23 04:34:00.000,611db258-1874-4e47-870c-1bb2faf1b7f5,
34,,90.0,10,55,114,8,2,22,393,132,0,0,,11,,16,0,900000,79,1320000,92,,,-1,4500000,10,5,15,23,96.0,,12.0,,,82800000,,,12,18,25200000,3,165,95.0,71,393,2,27,62980011,2025-06-23 21:57:00.000,,63010030,2025-06-24 04:52:56.468,2025-06-24 04:52:41.523,,,UTC+0300,KCkzhBg4bx,,com.sec.android.app.shealth,2025-06-24 04:30:00.000,1ca2ba50-dd42-45e2-aa3e-a916f3f1bbeb,
34,,96.0,10,69,159,7,1,27,510,150,0,0,,12,,16,0,780000,92,660000,139,,,-1,540000,10,16,15,23,99.0,2025-06-26 04:42:00.000,10.0,,2025-06-25 20:04:00.000,82800000,,,12,21,25200000,4,185,94.0,93,510,2,34,62980011,2025-06-25 20:04:00.000,,63010030,2025-06-26 04:53:31.996,2025-06-26 04:53:20.906,,,UTC+0300,KCkzhBg4bx,,com.sec.android.app.shealth,2025-06-26 04:34:00.000,09efd621-f86d-4b32-8dfa-efd17d238c51,
34,,84.0,10,33,97,3,2,29,388,68,0,4,,13,,16,0,720000,90,840000,75,,,-1,480000,10,16,15,23,94.0,2025-06-27 04:40:00.000,13.0,,2025-06-26 22:07:00.000,82800000,,,12,20,25200000,3,187,92.0,83,388,2,24,62980011,2025-06-26 22:07:00.000,,63010030,2025-06-27 04:54:25.147,2025-06-27 04:54:11.054,,,UTC+0300,KCkzhBg4bx,,com.sec.android.app.shealth,2025-06-27 04:35:00.000,921bbfc3-05a0-4aa3-9e9f-9a2d0c02f144,
34,,89.0,9,45,125,7,2,34,418,129,0,10,,12,,16,0,780000,89,480000,95,,,-1,600000,10,16,15,23,97.0,,16.0,,,82800000,,,12,20,25200000,3,164,92.0,85,418,2,28,62980011,2025-06-29 21:42:00.000,,63020270,2025-06-30 04:49:14.593,2025-06-30 04:48:57.222,,,UTC+0300,KCkzhBg4bx,,com.sec.android.app.shealth,2025-06-30 04:40:00.000,998400e2-4b67-4de7-8723-3aa68efb881e,
34,,90.0,10,59,113,9,2,18,354,178,0,3,,11,,16,0,840000,82,600000,89,,,-1,3060000,10,10,15,23,95.0,2025-07-01 04:46:00.000,11.0,,2025-06-30 22:41:00.000,82800000,,,12,19,25200000,2,134,95.0,69,354,2,19,62980011,2025-06-30 22:41:00.000,,63020270,2025-07-01 04:57:06.474,2025-07-01 04:56:50.127,,,UTC+0300,KCkzhBg4bx,,com.sec.android.app.shealth,2025-07-01 04:35:00.000,b369ad3f-8460-403e-8f64-5ff18b526063,
34,,90.0,10,77,121,6,3,25,402,159,0,7,,11,,16,0,900000,85,480000,95,,,-1,2400000,10,13,15,23,97.0,2025-07-02 04:31:00.000,12.0,,2025-07-01 21:42:00.000,82800000,,,12,19,25200000,3,161,94.0,80,402,2,27,62980011,2025-07-01 21:42:00.000,,63020270,2025-07-02 04:39:47.883,2025-07-02 04:39:31.399,,,UTC+0300,KCkzhBg4bx,,com.sec.android.app.shealth,2025-07-02 04:24:00.000,99ba872e-b1d2-4df9-833d-bda44c10034d,
34,,95.0,11,31,113,1,5,20,451,64,0,0,,13,,16,0,780000,94,1200000,123,,,-1,300000,10,15,15,23,97.0,,6.0,,,82800000,,,12,21,25200000,5,195,95.0,94,451,2,34,62980011,2025-07-02 21:05:00.000,,63020270,2025-07-03 04:56:45.271,2025-07-03 04:56:29.930,,,UTC+0300,KCkzhBg4bx,,com.sec.android.app.shealth,2025-07-03 04:36:00.000,f0c77268-a24b-40b6-af91-01379505c8b4,
34,,95.0,11,33,111,1,4,16,417,66,0,0,,13,,16,0,780000,95,780000,128,,,-1,120000,10,9,15,23,96.0,2025-07-04 04:42:00.000,5.0,,2025-07-03 21:37:00.000,82800000,,,12,21,25200000,4,162,96.0,85,417,2,31,62980011,2025-07-03 21:37:00.000,,63020270,2025-07-04 04:55:37.335,2025-07-04 04:55:28.332,,,UTC+0300,KCkzhBg4bx,,com.sec.android.app.shealth,2025-07-04 04:34:30.000,1e64a4fd-3210-48c0-acfe-d22a264c5b64,
34,,93.0,11,32,117,2,0,17,410,78,0,0,,13,,16,0,780000,93,840000,107,,,-1,540000,10,16,15,23,97.0,2025-07-07 04:45:00.000,7.0,,2025-07-06 21:44:00.000,82800000,,,12,21,25200000,3,169,95.0,91,410,2,30,62980011,2025-07-06 21:44:00.000,,63020270,2025-07-07 04:59:54.304,2025-07-07 04:59:43.628,,,UTC+0300,KCkzhBg4bx,,com.sec.android.app.shealth,2025-07-07 04:34:00.000,6d48ee72-77ef-4f5c-8a03-3ed99c689aa9,
34,,94.0,11,24,107,1,2,14,416,78,0,0,,13,,16,0,960000,91,660000,115,,,-1,1320000,10,16,15,23,96.0,2025-07-08 04:43:00.000,5.0,,2025-07-07 21:38:00.000,82800000,,,12,21,25200000,5,180,96.0,92,416,2,31,62981051,2025-07-07 21:38:00.000,,63020270,2025-07-08 04:54:48.162,2025-07-08 04:54:35.407,,,UTC+0300,KCkzhBg4bx,,com.sec.android.app.shealth,2025-07-08 04:34:00.000,43ff1df6-ee31-4f6a-b66d-f36481e3b12f,
34,,89.0,9,20,86,5,5,29,374,70,0,10,,12,,16,0,1020000,87,420000,92,,,-1,1200000,10,16,15,23,91.0,2025-07-09 04:45:00.000,18.0,,2025-07-08 22:25:00.000,82800000,,,12,20,25200000,5,167,92.0,78,374,2,21,62981051,2025-07-08 22:25:00.000,,63020310,2025-07-09 04:52:50.883,2025-07-09 04:52:40.522,,,UTC+0300,KCkzhBg4bx,,com.sec.android.app.shealth,2025-07-09 04:39:00.000,a965dd23-2b45-4e67-bbd7-5f0253fd85db,
34,,94.0,10,24,122,4,2,21,403,80,0,3,,12,,16,0,780000,92,0,119,,,-1,600000,10,16,15,23,97.0,2025-07-10 04:36:00.000,12.0,,2025-07-09 21:41:00.000,82800000,,,12,21,25200000,3,141,94.0,87,403,2,28,62981051,2025-07-09 21:41:00.000,,63020310,2025-07-10 04:36:50.241,2025-07-10 04:36:38.209,,,UTC+0300,KCkzhBg4bx,,com.sec.android.app.shealth,2025-07-10 04:24:30.000,5522840c-9ecd-4d9c-a94d-d6cb9696bbdc,
34,,93.0,10,54,122,16,3,31,436,167,0,5,,12,,16,0,780000,90,1140000,114,,,-1,720000,10,16,15,23,97.0,2025-07-11 04:40:00.000,18.0,,2025-07-10 21:14:00.000,82800000,,,12,20,25200000,4,169,93.0,89,436,2,31,62981051,2025-07-10 21:14:00.000,,63020310,2025-07-11 05:00:02.951,2025-07-11 04:59:41.762,,,UTC+0300,KCkzhBg4bx,,com.sec.android.app.shealth,2025-07-11 04:30:00.000,4e13e6c1-e478-4ecb-9ec7-4371e8ef8dd4,
34,,88.0,10,24,95,3,1,17,343,84,0,0,,11,,16,0,720000,78,1260000,83,,,-1,4440000,10,5,15,23,93.0,2025-07-14 04:34:00.000,9.0,,2025-07-13 22:42:00.000,82800000,,,12,17,25200000,3,148,95.0,60,343,2,17,62981051,2025-07-13 22:42:00.000,,63020310,2025-07-14 04:56:06.031,2025-07-14 04:55:52.592,,,UTC+0300,KCkzhBg4bx,,com.sec.android.app.shealth,2025-07-14 04:25:00.000,db2ef15a-18fb-4264-9a57-eb76205b1daf,
34,,91.0,10,35,106,5,1,18,403,130,0,3,,11,,16,0,840000,82,1260000,98,,,-1,3900000,10,7,15,23,96.0,2025-07-16 04:35:00.000,9.0,,2025-07-15 21:46:00.000,82800000,,,12,18,25200000,3,181,96.0,75,403,2,29,62981551,2025-07-15 21:46:00.000,,63020310,2025-07-16 04:56:55.540,2025-07-16 04:56:37.299,,,UTC+0300,KCkzhBg4bx,,com.sec.android.app.shealth,2025-07-16 04:29:00.000,113ea6d0-426d-4032-8dd4-0ed50f57e82d,
34,,88.0,10,22,98,6,7,33,384,66,0,3,,12,,16,0,780000,86,180000,89,,,-1,1380000,10,16,15,23,94.0,,19.0,,,82800000,,,12,19,25200000,4,164,91.0,79,384,2,22,62981551,2025-07-16 22:08:00.000,,63020310,2025-07-17 04:35:25.277,2025-07-17 04:35:13.292,,,UTC+0300,KCkzhBg4bx,,com.sec.android.app.shealth,2025-07-17 04:32:00.000,5ee3b141-f920-4a5e-8e9d-f054ba90a948,
34,,91.0,10,33,129,2,1,23,406,75,0,0,,11,,16,0,780000,84,1380000,97,,,-1,2700000,10,12,15,23,97.0,,8.0,,,82800000,,,12,19,25200000,3,157,94.0,81,406,2,29,62981551,2025-07-17 21:45:00.000,,63020310,2025-07-18 04:55:00.083,2025-07-18 04:54:47.954,,,UTC+0300,KCkzhBg4bx,,com.sec.android.app.shealth,2025-07-18 04:31:00.000,988afd5e-c1b9-4bc7-82c7-871e3efead93,
34,,91.0,10,26,103,3,3,22,379,71,0,0,,12,,16,0,780000,85,1380000,97,,,-1,2160000,10,14,15,23,95.0,2025-07-21 04:30:00.000,10.0,,2025-07-20 22:05:00.000,82800000,,,12,19,25200000,3,157,94.0,79,379,2,24,62981551,2025-07-20 22:05:00.000,,63020310,2025-07-21 04:55:08.258,2025-07-21 04:53:45.898,,,UTC+0300,KCkzhBg4bx,,com.sec.android.app.shealth,2025-07-21 04:24:00.000,d6d440f9-a058-49c7-a433-58edb132fe5d,
34,,94.0,10,63,115,9,4,23,421,163,0,0,,12,,16,0,780000,90,1320000,117,,,-1,1020000,10,16,15,23,97.0,,11.0,,,82800000,,,12,20,25200000,4,166,94.0,89,421,2,31,62981551,2025-07-21 21:29:00.000,,63020310,2025-07-22 04:52:48.023,2025-07-22 04:52:33.766,,,UTC+0300,KCkzhBg4bx,,com.sec.android.app.shealth,2025-07-22 04:30:00.000,350b3cd7-ffd3-4bf8-bb56-52fbbcdae864,
34,,94.0,11,43,87,6,3,16,366,161,0,0,,11,,16,0,780000,80,1320000,112,,,-1,4140000,10,6,15,23,92.0,2025-07-23 04:33:00.000,8.0,,2025-07-22 22:19:00.000,82800000,,,12,18,25200000,3,151,96.0,68,366,2,22,62981551,2025-07-22 22:19:00.000,,63030110,2025-07-23 04:56:13.262,2025-07-23 04:55:54.287,,,UTC+0300,KCkzhBg4bx,,com.sec.android.app.shealth,2025-07-23 04:25:00.000,b31a76ee-2e47-4abe-9d21-b41afd7b46d5,
34,,94.0,10,72,103,5,6,31,441,187,0,8,,13,,16,0,780000,90,0,122,,,-1,840000,10,16,15,23,96.0,2025-07-24 04:31:00.000,12.0,,2025-07-23 21:04:00.000,82800000,,,12,20,25200000,3,185,93.0,91,441,2,32,62981551,2025-07-23 21:04:00.000,,63030110,2025-07-24 04:31:50.931,2025-07-24 04:31:35.050,,,UTC+0300,KCkzhBg4bx,,com.sec.android.app.shealth,2025-07-24 04:25:30.000,9be9540b-68d3-49d8-a83e-5b56354b8136,
34,,90.0,10,28,92,3,3,30,426,99,0,3,,12,,16,0,960000,87,1200000,95,,,-1,1740000,10,16,15,23,95.0,2025-07-25 04:38:00.000,11.0,,2025-07-24 21:18:00.000,82800000,,,12,20,25200000,4,209,93.0,88,426,2,30,62981551,2025-07-24 21:18:00.000,,63030110,2025-07-25 04:58:22.139,2025-07-25 04:58:08.831,,,UTC+0300,KCkzhBg4bx,,com.sec.android.app.shealth,2025-07-25 04:24:00.000,c117106f-7474-45cc-a2b2-5b8e0aafde0a,
34,,88.0,10,79,92,18,7,29,402,284,3,6,,12,,16,0,780000,85,0,89,,,-1,2160000,10,14,15,23,94.0,2025-07-28 04:34:00.000,15.0,,2025-07-27 21:46:00.000,82800000,,,12,19,25200000,2,192,93.0,81,402,2,26,62981551,2025-07-27 21:46:00.000,,63030110,2025-07-28 04:34:15.138,2025-07-28 04:34:03.005,,,UTC+0300,KCkzhBg4bx,,com.sec.android.app.shealth,2025-07-28 04:28:00.000,e4a14f98-8c47-4c98-a90d-d5ca25296036,
34,,90.0,9,55,109,7,5,31,397,135,0,10,,11,,16,0,780000,79,1320000,98,,,-1,3780000,10,7,15,23,95.0,2025-07-29 04:29:00.000,16.0,,2025-07-28 21:46:00.000,82800000,,,12,18,25200000,3,159,93.0,70,397,2,25,62981551,2025-07-28 21:46:00.000,,63030110,2025-07-29 04:51:16.987,2025-07-29 04:51:04.996,,,UTC+0300,KCkzhBg4bx,,com.sec.android.app.shealth,2025-07-29 04:23:30.000,7f33f289-b396-4f19-8f4a-a0800dc3645e,
34,,95.0,11,33,106,1,6,20,464,85,0,0,,13,,16,0,900000,92,1320000,128,,,-1,840000,10,16,15,23,97.0,2025-07-31 04:31:00.000,6.0,,2025-07-30 20:40:00.000,82800000,,,12,21,25200000,4,210,95.0,95,464,2,34,62981551,2025-07-30 20:40:00.000,,63030110,2025-07-31 04:53:35.223,2025-07-31 04:53:19.816,,,UTC+0300,KCkzhBg4bx,,com.sec.android.app.shealth,2025-07-31 04:24:30.000,6c9ed2cb-1012-468f-b771-7188bd9bd7c3,
34,,88.0,10,71,117,7,3,18,376,174,0,0,,11,,16,0,720000,81,600000,85,,,-1,3720000,10,8,15,23,96.0,2025-08-01 04:37:00.000,9.0,,2025-07-31 22:10:00.000,82800000,,,12,18,25200000,3,156,95.0,71,376,2,24,62981551,2025-07-31 22:10:00.000,,63030110,2025-08-01 04:47:46.220,2025-08-01 04:47:32.716,,,UTC+0300,KCkzhBg4bx,,com.sec.android.app.shealth,2025-08-01 04:26:00.000,4331aef6-bc9c-41ca-b68d-fe82e7d98a53,
34,,44.0,9,49,79,21,1,21,238,180,0,3,,10,,16,0,780000,78,0,27,46f142b7-a2a5-4fc7-bbb1-a015beadc54a,,-1,2220000,10,14,15,23,80.0,,22.0,,,82800000,,,12,11,25200000,1,111,92.0,48,238,2,4,62981551,2025-08-03 21:27:00.000,,63030110,2025-08-04 04:52:03.558,2025-08-04 01:25:15.592,,,UTC+0300,KCkzhBg4bx,,com.sec.android.app.shealth,2025-08-04 01:25:00.000,09ae265b-47a2-4aaa-a576-8bdb5e967d3b,
34,,50.0,10,6,21,7,2,16,173,98,0,0,,13,,16,0,480000,86,1380000,27,46f142b7-a2a5-4fc7-bbb1-a015beadc54a,,-1,420000,10,16,15,23,25.0,,17.0,,,82800000,,,12,18,25200000,1,109,90.0,59,173,2,2,62981551,2025-08-04 01:35:00.000,,63030110,2025-08-04 04:52:03.610,2025-08-04 04:51:56.407,,,UTC+0300,KCkzhBg4bx,,com.sec.android.app.shealth,2025-08-04 04:28:00.000,80dcf459-e7e1-4aab-8275-7d41e2fb7d63,
34,,93.0,10,32,91,8,1,19,404,110,0,4,,13,,16,0,780000,94,1320000,107,,,-1,300000,10,15,15,23,94.0,2025-08-05 04:28:00.000,14.0,,2025-08-04 21:36:00.000,82800000,,,12,21,25200000,3,187,95.0,88,404,2,29,62981551,2025-08-04 21:36:00.000,,63030110,2025-08-05 04:50:58.352,2025-08-05 04:50:42.380,,,UTC+0300,KCkzhBg4bx,,com.sec.android.app.shealth,2025-08-05 04:20:00.000,de2e0a2b-18ba-46e7-a0e1-c587378c49cb,
34,,95.0,11,35,113,2,3,19,431,84,0,0,,12,,16,0,1140000,87,1260000,125,,,-1,2400000,10,13,15,23,97.0,2025-08-06 04:36:00.000,7.0,,2025-08-05 21:14:00.000,82800000,,,12,20,25200000,5,174,95.0,89,431,2,33,62981551,2025-08-05 21:14:00.000,,63030110,2025-08-06 04:57:34.167,2025-08-06 04:57:19.970,,,UTC+0300,KCkzhBg4bx,,com.sec.android.app.shealth,2025-08-06 04:25:00.000,86a76e24-286f-4003-ab1c-aa97d835088e,
34,,88.0,11,69,122,5,2,17,384,156,0,0,,11,,16,0,780000,81,0,85,,,-1,3780000,10,7,15,23,97.0,,8.0,,,82800000,,,12,18,25200000,4,160,96.0,73,384,2,26,62981551,2025-08-06 22:02:00.000,,63030110,2025-08-07 04:26:20.298,2025-08-07 04:26:06.583,,,UTC+0300,KCkzhBg4bx,,com.sec.android.app.shealth,2025-08-07 04:26:00.000,c944d438-7324-4357-b188-140edb92d7a3,
34,,94.0,11,29,72,2,5,17,361,85,0,0,,12,,16,0,780000,80,960000,109,,,-1,3960000,10,7,15,23,88.0,2025-08-08 04:39:00.000,7.0,,2025-08-07 22:29:00.000,82800000,,,12,18,25200000,3,163,95.0,69,361,2,21,62981551,2025-08-07 22:29:00.000,,63030110,2025-08-08 04:55:14.848,2025-08-08 04:55:02.592,,,UTC+0300,KCkzhBg4bx,,com.sec.android.app.shealth,2025-08-08 04:30:00.000,d8975e74-0a10-4d1f-b48b-ad397709a15d,
34,,91.0,10,37,101,1,3,31,422,75,0,6,,13,,16,0,780000,91,960000,102,,,-1,300000,10,15,15,23,95.0,2025-08-11 04:37:00.000,11.0,,2025-08-10 21:26:00.000,82800000,,,12,21,25200000,4,188,92.0,88,422,2,29,62981551,2025-08-10 21:26:00.000,,63030110,2025-08-11 04:54:03.809,2025-08-11 04:53:47.217,,,UTC+0300,KCkzhBg4bx,,com.sec.android.app.shealth,2025-08-11 04:28:00.000,103cf343-4352-466d-99a6-e328530c65b6,
34,,93.0,11,17,107,4,3,18,405,64,0,0,,13,,16,0,780000,92,300000,111,,,-1,660000,10,16,15,23,96.0,2025-08-12 04:32:00.000,12.0,,2025-08-11 21:39:00.000,82800000,,,12,21,25200000,5,169,95.0,90,405,2,29,62981551,2025-08-11 21:39:00.000,,63030110,2025-08-12 04:37:58.637,2025-08-12 04:37:22.328,,,UTC+0300,KCkzhBg4bx,,com.sec.android.app.shealth,2025-08-12 04:24:30.000,e9f001c8-54fe-45a0-a33c-a2e419f0b3c4,
34,,96.0,11,42,120,3,8,21,451,101,0,0,,13,,16,0,840000,93,1380000,146,,,-1,420000,10,16,15,23,97.0,2025-08-14 04:38:00.000,8.0,,2025-08-13 20:58:00.000,82800000,,,12,20,25200000,4,164,95.0,94,451,2,34,62981551,2025-08-13 20:58:00.000,,63030110,2025-08-14 05:02:42.947,2025-08-14 05:01:46.788,,,UTC+0300,KCkzhBg4bx,,com.sec.android.app.shealth,2025-08-14 04:29:00.000,05c7f1f8-baad-48ef-a032-fad246ce4ff3,
34,,90.0,10,25,99,3,3,30,460,98,0,4,,13,,16,0,840000,90,1020000,95,,,-1,960000,10,16,15,23,96.0,2025-08-15 04:36:00.000,11.0,,2025-08-14 20:45:00.000,82800000,,,12,20,25200000,4,236,93.0,92,460,2,33,62981551,2025-08-14 20:45:00.000,,63030110,2025-08-15 04:54:17.014,2025-08-15 04:53:27.848,,,UTC+0300,KCkzhBg4bx,,com.sec.android.app.shealth,2025-08-15 04:25:30.000,d76975d6-a468-4483-8b83-8d6ad6fd5662,
34,,92.0,10,61,129,10,4,24,415,154,0,6,,12,,16,0,780000,92,1320000,105,,,-1,300000,10,15,15,23,97.0,2025-08-18 04:34:00.000,14.0,,2025-08-17 21:33:00.000,82800000,,,12,21,25200000,3,157,94.0,87,415,2,29,62981551,2025-08-17 21:33:00.000,,63030110,2025-08-18 04:57:52.671,2025-08-18 04:56:34.003,,,UTC+0300,KCkzhBg4bx,,com.sec.android.app.shealth,2025-08-18 04:28:00.000,9a9c7c4e-06b9-4bf3-903c-cd16a013db44,
34,,95.0,11,44,100,3,3,15,392,134,0,0,,13,,16,0,780000,94,960000,124,,,-1,540000,10,16,15,23,95.0,2025-08-19 04:39:00.000,6.0,,2025-08-18 21:58:00.000,82800000,,,12,21,25200000,3,153,96.0,89,392,2,28,62981551,2025-08-18 21:58:00.000,,63030110,2025-08-19 04:56:12.339,2025-08-19 04:55:56.568,,,UTC+0300,KCkzhBg4bx,,com.sec.android.app.shealth,2025-08-19 04:30:00.000,f8568c9e-d467-456e-9443-a8cbbc8baef2,
34,,94.0,10,27,110,1,5,25,437,61,0,0,,13,,16,0,780000,92,480000,118,,,-1,420000,10,16,15,23,97.0,2025-08-20 04:38:00.000,7.0,,2025-08-19 21:12:00.000,82800000,,,12,21,25200000,5,184,94.0,93,437,2,33,62981551,2025-08-19 21:12:00.000,,63030110,2025-08-20 04:49:34.971,2025-08-20 04:46:32.324,,,UTC+0300,KCkzhBg4bx,,com.sec.android.app.shealth,2025-08-20 04:29:30.000,0570712e-4624-459c-b1cb-8d8eb9263c24,
34,,92.0,10,44,73,6,2,20,335,143,0,5,,12,,16,0,780000,84,0,102,,,-1,2160000,10,14,15,23,86.0,2025-08-21 04:41:00.000,12.0,,2025-08-20 22:55:00.000,82800000,,,12,19,25200000,2,140,94.0,70,335,2,15,62981551,2025-08-20 22:55:00.000,,63030110,2025-08-21 04:42:07.803,2025-08-21 04:41:59.813,,,UTC+0300,KCkzhBg4bx,,com.sec.android.app.shealth,2025-08-21 04:30:00.000,3614d93f-1123-4f5f-a6b6-8aac40d8925b,
34,,83.0,10,41,103,2,4,25,391,81,0,0,,12,,16,0,780000,89,300000,72,,,-1,1140000,10,16,15,23,95.0,,9.0,,,82800000,,,12,20,25200000,4,191,93.0,84,391,2,26,62981551,2025-08-21 20:28:00.000,,63030110,2025-08-22 03:04:22.665,2025-08-22 03:04:09.172,,,UTC+0300,KCkzhBg4bx,,com.sec.android.app.shealth,2025-08-22 02:59:00.000,76773a29-9b3d-46a9-9a3b-93d885e86955,
34,,83.0,10,83,133,5,2,19,385,168,0,0,,11,,16,0,840000,90,1380000,71,,,-1,1260000,10,16,15,23,97.0,2025-08-24 07:20:00.000,8.0,,2025-08-24 00:42:00.000,82800000,,,12,20,25200000,3,162,95.0,83,385,2,26,62981551,2025-08-24 00:42:00.000,,63030110,2025-08-24 07:46:52.992,2025-08-24 07:43:55.614,,,UTC+0300,KCkzhBg4bx,,com.sec.android.app.shealth,2025-08-24 07:07:00.000,ba42fca9-7a18-4720-b36e-52c4f8a889ec,
34,,75.0,10,53,65,8,1,20,250,151,0,3,,12,,16,0,780000,85,1080000,53,,,-1,1140000,10,16,15,23,74.0,,15.0,,,82800000,,,12,19,25200000,5,112,92.0,62,250,2,5,62981551,2025-08-26 00:27:00.000,,63030110,2025-08-26 04:55:47.461,2025-08-26 04:55:42.186,,,UTC+0300,KCkzhBg4bx,,com.sec.android.app.shealth,2025-08-26 04:37:00.000,2188a60a-4a87-43dd-b63c-8916f5ab006e,
34,,49.0,8,73,98,26,0,28,271,213,0,15,,11,,16,0,960000,88,-1,32,,,-1,180000,10,12,15,23,88.0,,28.0,,,82800000,,,12,13,25200000,1,113,89.0,49,271,2,5,62981551,2025-08-26 20:33:00.000,,63030110,2025-08-27 04:35:50.619,2025-08-27 04:34:47.374,,,UTC+0300,KCkzhBg4bx,,com.sec.android.app.shealth,2025-08-27 01:04:00.000,a2be2522-168c-435c-8894-43eb2962b9fb,
34,,94.0,11,19,69,1,2,15,355,68,0,0,,13,,16,0,840000,87,1320000,108,,,-1,1980000,10,15,15,23,86.0,2025-08-28 04:37:00.000,6.0,,2025-08-27 22:34:00.000,82800000,,,12,19,25200000,4,163,96.0,78,355,2,20,62981551,2025-08-27 22:34:00.000,,63030110,2025-08-28 04:59:52.005,2025-08-28 04:59:39.199,,,UTC+0300,KCkzhBg4bx,,com.sec.android.app.shealth,2025-08-28 04:29:00.000,0fd93582-6cac-478f-90ba-324c574c1b94,
34,,97.0,9,27,131,5,10,52,562,80,0,19,,13,,16,0,780000,89,120000,165,,,-1,300000,10,15,15,23,98.0,2025-08-29 05:55:00.000,19.0,,2025-08-28 20:21:00.000,82800000,,,12,20,25200000,6,214,90.0,89,562,2,32,62981551,2025-08-28 20:21:00.000,,63030110,2025-08-29 05:57:23.438,2025-08-29 05:57:03.566,,,UTC+0300,KCkzhBg4bx,,com.sec.android.app.shealth,2025-08-29 05:43:30.000,4a2811ba-9d94-4d3a-83ff-51feb7817d31,
34,,83.0,9,35,89,18,2,35,413,163,0,5,,12,,16,0,720000,83,0,76,,,-1,2280000,10,13,15,23,94.0,2025-09-01 04:08:00.000,21.0,,2025-08-31 21:10:00.000,82800000,,,12,19,25200000,4,213,92.0,80,413,2,27,62981551,2025-08-31 21:10:00.000,,63030110,2025-09-01 04:08:44.832,2025-09-01 04:08:34.817,,,UTC+0300,KCkzhBg4bx,,com.sec.android.app.shealth,2025-09-01 04:03:00.000,a5c3b323-572c-4b32-8cc2-3b667f0f85c7,
34,,95.0,10,76,133,5,1,23,479,195,0,5,,13,,16,0,840000,94,1440000,125,,,-1,300000,10,15,15,23,98.0,,9.0,,,82800000,,,12,21,25200000,4,198,95.0,92,479,2,33,62981551,2025-09-01 20:30:00.000,,63030110,2025-09-02 04:53:37.653,2025-09-02 04:53:23.937,,,UTC+0300,KCkzhBg4bx,,com.sec.android.app.shealth,2025-09-02 04:29:00.000,61099555-edeb-42cb-92b9-d49e6f2303ff,
34,,95.0,10,35,86,4,7,23,419,103,0,0,,13,,16,0,840000,92,1320000,126,,,-1,540000,10,16,15,23,94.0,2025-09-03 04:39:00.000,10.0,,2025-09-02 21:35:00.000,82800000,,,12,21,25200000,4,184,94.0,91,419,2,31,62981551,2025-09-02 21:35:00.000,,63030110,2025-09-03 05:01:58.827,2025-09-03 05:01:45.103,,,UTC+0300,KCkzhBg4bx,,com.sec.android.app.shealth,2025-09-03 04:34:00.000,4d0e8b2c-3907-4ae0-9d64-65e80da2ecef,
34,,89.0,10,47,98,10,0,25,405,157,0,4,,12,,16,0,780000,89,660000,89,,,-1,1200000,10,16,15,23,95.0,2025-09-08 04:36:00.000,14.0,,2025-09-07 21:46:00.000,82800000,,,12,20,25200000,3,193,94.0,86,405,2,28,62981551,2025-09-07 21:46:00.000,,63030110,2025-09-08 04:48:05.082,2025-09-08 04:47:51.065,,,UTC+0300,KCkzhBg4bx,,com.sec.android.app.shealth,2025-09-08 04:31:00.000,fe5c98d5-fb99-46df-bef7-6a056282b139,
34,,91.0,11,31,97,3,1,15,394,110,0,0,,13,,16,0,780000,94,1500000,93,,,-1,300000,10,15,15,23,95.0,,7.0,,,82800000,,,12,21,25200000,3,189,96.0,88,394,2,28,62981551,2025-09-10 21:38:00.000,,63030110,2025-09-11 04:37:35.670,2025-09-11 04:37:25.589,,,UTC+0300,KCkzhBg4bx,,com.sec.android.app.shealth,2025-09-11 04:12:00.000,213471e2-f3f4-484e-a75b-d1923dfabd04,
34,,94.0,10,20,87,6,4,21,400,73,0,0,,13,,16,0,1080000,93,-1,115,,,-1,360000,10,16,15,23,93.0,2025-09-13 05:23:00.000,14.0,,2025-09-12 22:34:00.000,82800000,,,12,21,25200000,3,177,94.0,88,400,2,28,63001451,2025-09-12 22:34:00.000,,63030110,2025-09-13 05:36:49.740,2025-09-13 05:36:05.548,,,UTC+0300,IChoSlfqVi,,com.sec.android.app.shealth,2025-09-13 05:14:00.000,00215f3f-5c6e-4ff8-8d63-8896d9d499aa,
34,,72.0,11,49,69,4,0,5,181,151,0,0,,8,,16,0,840000,69,1380000,39,,,-1,4440000,10,5,15,23,69.0,2025-09-13 16:52:00.000,5.0,,2025-09-13 13:43:00.000,82800000,,,12,15,25200000,1,68,98.0,42,181,2,3,63001451,2025-09-13 13:43:00.000,,63030110,2025-09-13 17:15:08.531,2025-09-13 17:15:04.119,,,UTC+0300,IChoSlfqVi,,com.sec.android.app.shealth,2025-09-13 16:44:00.000,6c4d169a-c41d-4f66-b625-43b271e61d67,
34,,88.0,11,28,70,3,1,17,365,117,0,0,,9,,16,0,780000,64,1500000,83,,,-1,10260000,10,0,15,23,87.0,2025-09-14 06:34:00.000,7.0,,2025-09-14 00:19:00.000,82800000,,,12,14,25200000,3,195,96.0,56,365,2,22,63001551,2025-09-14 00:19:00.000,,63030110,2025-09-14 06:59:32.165,2025-09-14 06:59:19.994,,,UTC+0300,IChoSlfqVi,,com.sec.android.app.shealth,2025-09-14 06:24:30.000,400cbae2-0883-4fdd-889d-e181f3485f1f,
34,,78.0,9,56,95,19,2,34,346,158,0,10,,10,,16,0,900000,73,1320000,65,,,-1,4500000,10,5,15,23,92.0,,25.0,,,82800000,,,12,17,25200000,2,152,91.0,55,346,2,14,63001551,2025-09-14 22:35:00.000,,63030110,2025-09-15 04:43:45.602,2025-09-15 04:43:38.651,,,UTC+0300,IChoSlfqVi,,com.sec.android.app.shealth,2025-09-15 04:21:00.000,d577cfc6-37ec-4c23-9553-82e3cac588c0,
34,,92.0,10,25,74,1,2,15,309,73,0,0,,12,,16,0,840000,86,0,94,ea1faeb1-5e33-4d14-9f75-eb7ee35f7881,,-1,1740000,10,16,15,23,85.0,,7.0,,,82800000,,,12,19,25200000,4,126,95.0,69,309,2,12,63001551,2025-09-15 20:21:00.000,,63030110,2025-09-16 04:22:36.300,2025-09-16 01:30:39.882,,,UTC+0300,IChoSlfqVi,,com.sec.android.app.shealth,2025-09-16 01:30:00.000,b468ed4c-4319-4d43-8e33-42203afab3a3,
34,,60.0,10,3,15,5,2,10,147,85,0,0,,13,,16,0,720000,88,0,28,ea1faeb1-5e33-4d14-9f75-eb7ee35f7881,,-1,480000,10,16,15,23,18.0,,13.0,,,82800000,,,12,20,25200000,1,94,93.0,61,147,2,2,63001551,2025-09-16 01:55:00.000,,63030110,2025-09-16 04:22:36.311,2025-09-16 04:22:34.118,,,UTC+0300,IChoSlfqVi,,com.sec.android.app.shealth,2025-09-16 04:22:00.000,845b8acf-6346-4693-99d9-d4ead5194be8,
34,,95.0,10,35,135,2,2,24,460,93,0,6,,12,,16,0,840000,87,1320000,131,,,-1,2340000,10,13,15,23,98.0,2025-09-19 04:00:00.000,9.0,,2025-09-18 20:12:00.000,82800000,,,12,20,25200000,4,170,95.0,88,460,2,33,63050351,2025-09-18 20:12:00.000,,63030110,2025-09-19 04:22:41.748,2025-09-19 04:22:25.126,,,UTC+0300,IChoSlfqVi,,com.sec.android.app.shealth,2025-09-19 03:52:00.000,9406a61e-2fd2-4315-95dc-128cd120928b,
34,,96.0,9,41,180,23,5,48,591,104,0,28,,12,,16,0,840000,89,1500000,148,,,-1,840000,10,16,15,23,99.0,2025-09-20 07:10:00.000,35.0,,2025-09-19 21:05:00.000,82800000,,,12,20,25200000,7,215,91.0,89,591,2,32,63050351,2025-09-19 21:05:00.000,,63030110,2025-09-20 07:35:50.008,2025-09-20 07:35:36.351,,,UTC+0300,IChoSlfqVi,,com.sec.android.app.shealth,2025-09-20 06:56:00.000,55bcfde2-cbdc-4432-916f-a58a395f5165,
34,,77.0,9,56,79,5,0,32,343,157,0,9,,11,,16,0,960000,82,1020000,63,,,-1,2100000,10,14,15,23,88.0,,15.0,,,82800000,,,12,18,25200000,2,169,91.0,66,343,2,14,63050351,2025-09-21 22:19:00.000,,63030110,2025-09-22 04:19:13.950,2025-09-22 04:19:04.415,,,UTC+0300,IChoSlfqVi,,com.sec.android.app.shealth,2025-09-22 04:02:00.000,d5d2f92b-7591-4177-ac4f-0bd6ce309a73,
34,,86.0,10,38,120,4,1,32,434,90,0,6,,12,,16,0,1140000,87,1440000,81,,,-1,1380000,10,16,15,23,97.0,,14.0,,,82800000,,,12,20,25200000,5,201,92.0,89,434,2,31,63050351,2025-09-22 19:57:00.000,,63030110,2025-09-23 03:36:13.507,2025-09-23 03:35:55.610,,,UTC+0300,IChoSlfqVi,,com.sec.android.app.shealth,2025-09-23 03:11:00.000,67897483-68a0-497a-bedc-bdc0ed80af05,
34,,93.0,11,72,105,9,1,18,417,216,0,0,,12,,16,0,840000,84,840000,106,,,-1,3360000,10,9,15,23,96.0,2025-09-24 04:07:00.000,9.0,,2025-09-23 21:02:00.000,82800000,,,12,19,25200000,3,188,96.0,82,417,2,31,63050351,2025-09-23 21:02:00.000,,63030110,2025-09-24 04:22:02.778,2025-09-24 04:21:47.339,,,UTC+0300,IChoSlfqVi,,com.sec.android.app.shealth,2025-09-24 03:59:00.000,6c133481-089c-4f98-93db-a7d8d19166a1,
34,,93.0,10,63,100,13,4,35,499,247,0,0,,12,,16,0,960000,86,960000,112,,,-1,2400000,10,13,15,23,97.0,2025-09-25 04:22:00.000,12.0,,2025-09-24 19:54:00.000,82800000,,,12,19,25200000,3,252,93.0,88,499,2,34,63050351,2025-09-24 19:54:00.000,,63030110,2025-09-25 04:38:55.251,2025-09-25 04:38:38.527,,,UTC+0300,IChoSlfqVi,,com.sec.android.app.shealth,2025-09-25 04:13:00.000,d3d3d973-2845-4aae-88ba-0dde716aff9a,
34,,96.0,10,29,107,3,3,29,480,76,0,0,,12,,16,0,840000,88,720000,151,,,-1,1800000,10,16,15,23,97.0,,10.0,,,82800000,,,12,19,25200000,6,193,94.0,91,480,2,34,63050351,2025-09-25 20:16:00.000,,63030110,2025-09-26 04:30:51.075,2025-09-26 04:28:35.506,,,UTC+0300,IChoSlfqVi,,com.sec.android.app.shealth,2025-09-26 04:16:00.000,891ccbc6-b185-4dd3-bc26-19111d51efc3,
34,,91.0,12,24,111,1,1,15,369,79,0,0,,13,,16,0,720000,91,780000,95,,0,-1,1020000,10,16,15,23,95.0,2025-09-29 04:11:00.000,6.0,,2025-09-28 21:51:00.000,82800000,,,12,23,25200000,3,148,96.0,87,369,2,23,63050351,2025-09-28 21:51:00.000,,63051050,2025-09-29 04:24:12.093,2025-09-29 04:24:02.092,,,UTC+0300,IChoSlfqVi,,com.sec.android.app.shealth,2025-09-29 04:00:30.000,dc4d38ef-ecf8-4545-ad47-4bd7f84c4935,
34,,90.0,12,84,115,4,1,24,433,181,0,0,,13,,16,0,780000,81,900000,95,,0,-1,4020000,10,7,15,23,97.0,,8.0,,,82800000,,,12,22,25200000,4,199,95.0,85,433,2,31,63050351,2025-09-29 20:50:00.000,,63051050,2025-09-30 04:19:06.087,2025-09-30 04:18:53.184,,,UTC+0300,IChoSlfqVi,,com.sec.android.app.shealth,2025-09-30 04:03:00.000,31ae4573-3af7-4cca-99dc-af5300966b43,
34,,91.0,12,30,104,1,0,16,385,92,0,0,,13,,16,0,780000,85,1080000,93,,0,-1,2700000,10,12,15,23,95.0,,6.0,,,82800000,,,12,22,25200000,5,172,96.0,85,385,2,26,63050351,2025-09-30 21:34:00.000,,63051050,2025-10-01 04:17:53.154,2025-10-01 04:17:40.972,,,UTC+0300,IChoSlfqVi,,com.sec.android.app.shealth,2025-10-01 03:59:00.000,f8337715-ad0b-48e5-84a0-e43359c7b556,
34,,91.0,11,48,95,27,3,43,424,146,0,25,,14,,16,0,840000,87,600000,107,,0,-1,780000,10,16,15,23,94.0,,35.0,,,82800000,,,12,22,25200000,3,179,90.0,91,424,2,28,63050351,2025-10-01 21:16:00.000,,63051050,2025-10-02 04:30:58.162,2025-10-02 04:30:47.029,,,UTC+0300,IChoSlfqVi,,com.sec.android.app.shealth,2025-10-02 04:20:00.000,cc907970-c851-41ba-a7ce-cfcbf885c330,
34,,96.0,12,32,105,3,1,19,486,101,0,0,,14,,16,0,780000,82,1260000,145,,0,-1,4620000,10,5,15,23,97.0,2025-10-03 04:16:00.000,7.0,,2025-10-02 20:04:00.000,82800000,,,12,22,25200000,4,217,96.0,85,486,2,32,63050351,2025-10-02 20:04:00.000,,63051050,2025-10-03 04:37:54.919,2025-10-03 04:37:43.398,,,UTC+0300,IChoSlfqVi,,com.sec.android.app.shealth,2025-10-03 04:10:30.000,5aef9b8d-9e4c-4551-ab21-1685f57cf38f,
34,,93.0,12,74,117,6,4,26,406,166,0,0,,13,,16,0,780000,78,1140000,111,,0,-1,4620000,10,5,15,23,97.0,,10.0,,,82800000,,,12,21,25200000,3,152,94.0,78,406,2,27,63050351,2025-10-05 21:18:00.000,,63051050,2025-10-06 04:23:51.747,2025-10-06 04:23:38.761,,,UTC+0300,IChoSlfqVi,,com.sec.android.app.shealth,2025-10-06 04:04:00.000,7b5df930-e2d2-4840-9375-0217f6467fd2,
34,,96.0,12,75,131,6,3,30,517,166,0,3,,14,,16,0,780000,93,900000,152,,0,-1,300000,10,15,15,23,98.0,2025-10-08 04:27:00.000,10.0,,2025-10-07 19:36:00.000,82800000,,,12,22,25200000,5,204,94.0,97,517,2,34,63050351,2025-10-07 19:36:00.000,,63051050,2025-10-08 04:42:15.003,2025-10-08 04:42:00.221,,,UTC+0300,IChoSlfqVi,,com.sec.android.app.shealth,2025-10-08 04:13:30.000,e93a5232-9f20-46f6-a9cb-62b683300e12,
34,,93.0,11,50,125,23,5,46,455,125,0,29,,13,,16,0,1080000,87,780000,118,,0,-1,900000,10,16,15,23,97.0,,35.0,,,82800000,,,12,22,25200000,4,166,90.0,94,455,2,32,63050351,2025-10-08 20:45:00.000,,63051050,2025-10-09 04:34:05.902,2025-10-09 04:33:55.191,,,UTC+0300,IChoSlfqVi,,com.sec.android.app.shealth,2025-10-09 04:20:00.000,d0417d8f-3dd6-4938-951d-db4f028cd90e,
34,,95.0,12,77,126,3,6,30,488,188,0,0,,14,,16,0,780000,92,1380000,136,,0,-1,420000,10,16,15,23,98.0,,8.0,,,82800000,,,12,23,25200000,4,196,93.0,99,488,2,34,63050351,2025-10-09 20:09:00.000,,63051050,2025-10-10 04:40:51.239,2025-10-10 04:40:40.355,,,UTC+0300,IChoSlfqVi,,com.sec.android.app.shealth,2025-10-10 04:17:00.000,7797cae2-c99c-451e-9f49-d3a58c63e0cb,
34,,92.0,12,71,126,9,1,16,377,194,0,0,,12,,16,0,1020000,80,480000,102,,0,-1,4140000,10,6,15,23,97.0,2025-10-13 04:22:00.000,9.0,,2025-10-12 22:00:00.000,82800000,,,12,22,25200000,3,133,96.0,76,377,2,24,63050351,2025-10-12 22:00:00.000,,63051050,2025-10-13 04:30:11.352,2025-10-13 04:30:06.475,,,UTC+0300,IChoSlfqVi,,com.sec.android.app.shealth,2025-10-13 04:17:30.000,88f5f3f6-a538-471e-8b6f-895913b4eb21,
34,,93.0,12,23,108,1,2,12,351,66,0,0,,13,,16,0,1020000,86,1080000,99,,0,-1,2580000,10,12,15,23,95.0,,6.0,,,82800000,,,12,22,25200000,4,132,96.0,79,351,2,20,63050351,2025-10-13 22:10:00.000,,63051050,2025-10-14 04:19:43.097,2025-10-14 04:19:32.622,,,UTC+0300,IChoSlfqVi,,com.sec.android.app.shealth,2025-10-14 04:01:00.000,9ac0f17d-0154-44d6-a287-ebc144a15bef,
34,,91.0,12,22,110,4,4,27,414,103,0,0,,14,,16,0,780000,91,480000,98,,0,-1,420000,10,16,15,23,96.0,,11.0,,,82800000,,,12,23,25200000,3,179,93.0,94,414,2,29,63050351,2025-10-14 21:28:00.000,,63051050,2025-10-15 04:30:28.292,2025-10-15 04:30:17.758,,,UTC+0300,IChoSlfqVi,,com.sec.android.app.shealth,2025-10-15 04:22:00.000,7666a3eb-55f2-4715-af61-79f025e7a93a,
34,,96.0,12,22,108,2,2,20,486,71,0,4,,14,,16,0,780000,94,1260000,141,,0,-1,420000,10,16,15,23,97.0,,8.0,,,82800000,,,12,22,25200000,5,217,95.0,98,486,2,34,63050351,2025-10-15 20:09:00.000,,63051050,2025-10-16 04:36:24.844,2025-10-16 04:36:11.433,,,UTC+0300,IChoSlfqVi,,com.sec.android.app.shealth,2025-10-16 04:15:00.000,4cc2f97c-88ad-4272-9baa-2d913c882bd6,
34,,92.0,12,28,93,2,3,15,368,73,0,0,,14,,16,0,1020000,94,1200000,102,,0,-1,240000,10,14,15,23,93.0,2025-10-17 04:19:00.000,7.0,,2025-10-16 22:06:00.000,82800000,,,12,23,25200000,4,158,95.0,86,368,2,23,63050351,2025-10-16 22:06:00.000,,63051050,2025-10-17 04:40:00.495,2025-10-17 04:39:47.510,,,UTC+0300,IChoSlfqVi,,com.sec.android.app.shealth,2025-10-17 04:14:30.000,c70eb2a3-0e4e-472a-8720-5dd295a09338,
34,,85.0,12,61,112,7,2,22,351,156,0,0,,11,,16,0,1020000,68,360000,77,,0,-1,7620000,10,1,15,23,95.0,2025-10-20 04:27:00.000,11.0,,2025-10-19 22:26:00.000,82800000,,,12,20,25200000,3,140,95.0,60,351,2,16,63050351,2025-10-19 22:26:00.000,,63051050,2025-10-20 04:33:29.444,2025-10-20 04:33:17.132,,,UTC+0300,IChoSlfqVi,,com.sec.android.app.shealth,2025-10-20 04:17:30.000,0612bf5b-a61b-4e87-9649-4dabf996cbbd,
34,,93.0,12,72,130,8,2,20,455,218,0,0,,14,,16,0,1140000,90,0,107,,0,-1,1620000,10,16,15,23,98.0,2025-10-21 04:13:00.000,8.0,,2025-10-20 20:31:00.000,82800000,,,12,23,25200000,3,198,95.0,99,455,2,34,63050351,2025-10-20 20:31:00.000,,63051050,2025-10-21 04:13:31.655,2025-10-21 04:13:14.713,,,UTC+0300,IChoSlfqVi,,com.sec.android.app.shealth,2025-10-21 04:06:30.000,c62c2067-49a0-4e67-b574-6e587516abf5,
34,,94.0,12,25,98,2,2,19,397,101,0,0,,13,,16,0,1020000,77,0,114,,0,-1,5400000,10,3,15,23,95.0,,7.0,,,82800000,,,12,21,25200000,4,166,95.0,75,397,2,26,63050351,2025-10-21 21:25:00.000,,63051050,2025-10-22 04:02:09.623,2025-10-22 04:02:01.593,,,UTC+0300,IChoSlfqVi,,com.sec.android.app.shealth,2025-10-22 04:02:00.000,239c8762-8692-443b-9cc4-6e17c9c678ba,
34,,83.0,12,90,115,8,4,25,396,212,0,4,,13,,16,0,780000,89,0,73,,0,-1,1140000,10,16,15,23,96.0,2025-10-23 04:20:00.000,11.0,,2025-10-22 21:39:00.000,82800000,,,12,22,25200000,3,183,93.0,89,396,2,26,63050351,2025-10-22 21:39:00.000,,63051050,2025-10-24 04:19:22.878,2025-10-23 04:20:06.108,,,UTC+0300,IChoSlfqVi,,com.sec.android.app.shealth,2025-10-23 04:15:30.000,2c14684b-186c-4da0-8ac2-e51ce9983cb1,
34,,96.0,12,50,136,3,6,25,506,119,0,0,,14,,16,0,780000,94,0,137,,0,-1,180000,10,12,15,23,98.0,,8.0,,,82800000,,,12,23,25200000,5,208,94.0,95,506,2,34,63050351,2025-10-23 19:53:00.000,,63051050,2025-10-24 04:19:20.309,2025-10-24 04:19:06.575,,,UTC+0300,IChoSlfqVi,,com.sec.android.app.shealth,2025-10-24 04:19:00.000,15a42917-fa15-4dee-a523-2e12cc071c1c,
34,,81.0,12,50,93,11,2,24,317,165,0,0,,13,,16,0,780000,78,0,67,50430f38-9ff8-48f1-922b-c721754d3b37,0,-1,3360000,10,9,15,23,91.0,,14.0,,,82800000,,,12,21,25200000,2,133,93.0,66,317,2,11,63050351,2025-10-26 23:19:00.000,,63051050,2025-10-27 06:00:26.325,2025-10-27 04:36:41.993,,,UTC+0300,IChoSlfqVi,,com.sec.android.app.shealth,2025-10-27 04:36:00.000,d17378a8-c6b0-4ed1-9af7-e8dc6c2a563a,
34,,13.0,12,0,0,6,0,6,83,83,0,0,,0,,16,0,1380000,91,0,4,50430f38-9ff8-48f1-922b-c721754d3b37,3,-1,60000,10,6,15,23,7.0,,14.0,,,82800000,,,12,4,25200000,0,73,92.0,24,83,2,2,63050351,2025-10-27 04:37:00.000,,63051050,2025-10-27 06:00:26.444,2025-10-27 06:00:21.700,,,UTC+0300,IChoSlfqVi,,com.sec.android.app.shealth,2025-10-27 06:00:00.000,627b8b21-a44b-4c74-a9b1-04ccd34ffcb2,
34,,83.0,12,63,109,9,0,17,344,166,0,0,,13,,16,0,840000,91,0,70,,0,-1,780000,10,16,15,23,95.0,,11.0,,,82800000,,,12,23,25200000,2,148,95.0,82,344,2,18,63060051,2025-10-29 22:39:00.000,,63051050,2025-10-30 04:23:53.046,2025-10-30 04:23:39.218,,,UTC+0300,IChoSlfqVi,,com.sec.android.app.shealth,2025-10-30 04:23:00.000,acc90ed2-ba9d-4031-bf36-8e3e11524955,
34,,87.0,12,59,99,12,1,26,411,221,0,3,,14,,16,0,900000,91,0,83,,0,-1,720000,10,16,15,23,95.0,,12.0,,,82800000,,,12,23,25200000,3,203,93.0,94,411,2,29,63060051,2025-10-30 21:15:00.000,,63051050,2025-10-31 04:06:18.419,2025-10-31 04:06:00.936,,,UTC+0300,IChoSlfqVi,,com.sec.android.app.shealth,2025-10-31 04:06:00.000,b50eba2f-197a-4259-9565-48d069060e8a,
34,,97.0,12,21,115,3,5,21,483,81,0,0,,14,,16,0,1140000,94,0,151,,0,-1,240000,10,14,15,23,98.0,,9.0,,,82800000,,,12,22,25200000,5,196,95.0,96,483,2,34,63060051,2025-10-31 21:52:00.000,,63051050,2025-11-02 08:28:54.534,2025-11-01 05:55:48.103,,,UTC+0300,IChoSlfqVi,,com.sec.android.app.shealth,2025-11-01 05:55:00.000,68b5dbaa-b87f-428e-a762-2890cc45527a,
34,,95.0,12,28,107,4,3,38,496,79,0,13,,14,,16,0,900000,92,0,138,,0,-1,60000,10,6,15,23,97.0,2025-11-02 08:25:00.000,15.0,,2025-11-02 00:02:00.000,82800000,,,12,22,25200000,5,213,92.0,88,496,2,34,63060051,2025-11-02 00:02:00.000,,63051050,2025-11-02 08:28:49.711,2025-11-02 08:25:50.308,,,UTC+0300,IChoSlfqVi,,com.sec.android.app.shealth,2025-11-02 08:18:30.000,f2dad4c3-c7d0-4942-ad6a-9a75c9c21ed4,
34,,11.0,11,58,58,25,0,25,165,165,0,5,,10,,16,0,960000,67,1500000,0,31a74ae6-a2a1-4a11-a985-d8cf40a5f79b,0,-1,2520000,10,12,15,23,56.0,2025-11-02 22:58:00.000,34.0,,2025-11-02 20:08:00.000,82800000,,,12,1,25200000,0,82,87.0,36,165,2,2,63060051,2025-11-02 20:08:00.000,,63051050,2025-11-03 04:17:40.903,2025-11-02 23:23:57.241,,,UTC+0300,IChoSlfqVi,,com.sec.android.app.shealth,2025-11-02 22:53:00.000,690c0327-509d-4b27-a5f1-1075173ced46,
34,,51.0,11,66,94,19,4,34,300,193,0,12,,12,,16,0,840000,83,0,34,31a74ae6-a2a1-4a11-a985-d8cf40a5f79b,0,-1,1140000,10,16,15,23,89.0,,25.0,,,82800000,,,12,14,25200000,3,138,89.0,61,300,2,8,63060051,2025-11-02 23:17:00.000,,63051050,2025-11-03 04:17:40.912,2025-11-03 04:17:31.227,,,UTC+0300,IChoSlfqVi,,com.sec.android.app.shealth,2025-11-03 04:17:00.000,8677e149-accc-40b7-b466-68a36fa4d06e,
34,,87.0,12,62,98,6,0,17,331,173,0,0,,12,,16,0,780000,77,480000,79,,0,-1,4560000,10,5,15,23,93.0,,9.0,,,82800000,,,12,21,25200000,2,137,95.0,64,331,2,14,63060051,2025-11-05 22:50:00.000,,63051050,2025-11-06 04:29:51.318,2025-11-06 04:29:43.736,,,UTC+0300,IChoSlfqVi,,com.sec.android.app.shealth,2025-11-06 04:21:00.000,2e835303-2f7d-49e1-942c-4f00bdf2acf1,
34,,90.0,12,51,112,3,2,14,380,115,0,0,,13,,16,0,780000,90,1140000,88,,0,-1,1560000,10,16,15,23,96.0,2025-11-07 04:28:00.000,6.0,,2025-11-06 22:03:00.000,82800000,,,12,23,25200000,3,166,96.0,90,380,2,26,63060051,2025-11-06 22:03:00.000,,63051050,2025-11-07 04:48:31.009,2025-11-07 04:47:10.400,,,UTC+0300,IChoSlfqVi,,com.sec.android.app.shealth,2025-11-07 04:23:30.000,da36ac25-5f55-4f80-bcbc-fa7ea40f27bf,
34,,59.0,12,68,98,5,0,13,278,178,0,0,,11,,16,0,960000,64,0,36,,0,-1,7980000,10,1,15,23,90.0,,8.0,,,82800000,,,12,13,25200000,1,131,96.0,43,278,2,6,63060051,2025-11-09 23:40:00.000,,63051050,2025-11-11 04:22:18.324,2025-11-10 04:18:27.197,,,UTC+0300,IChoSlfqVi,,com.sec.android.app.shealth,2025-11-10 04:18:00.000,07121b5d-9cbd-4490-a20d-c04aab8dd812,
34,,85.0,12,37,119,6,0,20,363,128,0,6,,13,,16,0,840000,86,0,75,,0,-1,2040000,10,14,15,23,96.0,,12.0,,,82800000,,,12,22,25200000,3,149,94.0,82,363,2,21,63060051,2025-11-10 22:19:00.000,,63051050,2025-11-11 04:22:22.662,2025-11-11 04:22:07.388,,,UTC+0300,IChoSlfqVi,,com.sec.android.app.shealth,2025-11-11 04:22:00.000,bb54b12a-d46f-4a74-a359-4f1031ba75f1,
34,,87.0,6,81,118,5,1,22,391,176,0,0,,15,,16,0,1020000,93,0,82,,0,-1,180000,10,12,18,26,97.0,2025-11-12 04:35:00.000,8.0,,2025-11-11 21:57:00.000,82800000,,,6,24,25200000,3,169,94.0,82,391,2,25,63060051,2025-11-11 21:57:00.000,,63060070,2025-11-12 04:36:02.062,2025-11-12 04:35:48.616,,,UTC+0300,IChoSlfqVi,,com.sec.android.app.shealth,2025-11-12 04:28:30.000,60f895f3-9e0c-4cfc-8f60-5bbd7abbb91f,
34,,95.0,6,43,116,2,1,13,400,101,0,4,,16,,16,0,780000,95,0,126,,0,-1,300000,10,15,18,26,96.0,,7.0,,,82800000,,,6,24,25200000,4,145,96.0,89,400,2,28,63060051,2025-11-12 21:47:00.000,,63060070,2025-11-13 04:27:54.864,2025-11-13 04:27:42.568,,,UTC+0300,IChoSlfqVi,,com.sec.android.app.shealth,2025-11-13 04:27:00.000,3e2c5ad1-cf48-45f7-82d1-4e943570ad27,
34,,91.0,6,21,113,4,3,19,379,65,0,3,,15,,16,0,1020000,93,0,96,,0,-1,240000,10,14,18,26,96.0,,13.0,,,82800000,,,6,24,25200000,3,151,95.0,82,379,2,23,63060051,2025-11-13 22:16:00.000,,63060070,2025-11-14 04:36:09.812,2025-11-14 04:35:46.892,,,UTC+0300,IChoSlfqVi,,com.sec.android.app.shealth,2025-11-14 04:35:00.000,837af7f4-793a-4269-b7c1-9d8ec8331f3f,
34,,77.0,6,55,82,6,1,19,343,179,0,0,,10,,16,0,1020000,62,0,60,,0,-1,10380000,10,0,18,26,90.0,,9.0,,,82800000,,,6,15,25200000,3,182,96.0,41,343,2,10,63060051,2025-11-16 23:15:00.000,,63060070,2025-11-17 04:59:03.790,2025-11-17 04:58:54.021,,,UTC+0300,IChoSlfqVi,,com.sec.android.app.shealth,2025-11-17 04:58:00.000,9c9c6d4b-28bd-468f-a69f-760e574e8b74,
34,,97.0,6,44,158,1,3,27,518,78,0,8,,14,,16,0,900000,88,0,161,,0,-1,2040000,10,14,18,26,99.0,,8.0,,,82800000,,,6,22,25200000,4,172,95.0,86,518,2,30,63060051,2025-11-17 19:43:00.000,,63060070,2025-11-18 04:21:51.993,2025-11-18 04:21:37.730,,,UTC+0300,IChoSlfqVi,,com.sec.android.app.shealth,2025-11-18 04:21:00.000,4a759222-8da2-403a-b6ad-16d152b9431a,
34,,90.0,6,54,101,3,6,24,378,135,0,0,,13,,16,0,840000,78,0,93,,0,-1,4500000,10,5,18,26,95.0,,9.0,,,82800000,,,6,20,25200000,3,160,94.0,62,378,2,18,63060051,2025-11-18 22:04:00.000,,63060070,2025-11-19 04:22:14.973,2025-11-19 04:22:02.914,,,UTC+0300,IChoSlfqVi,,com.sec.android.app.shealth,2025-11-19 04:22:00.000,fc5cedc6-51f4-4481-8074-ad0bd5892f8f,
34,,94.0,6,77,122,3,1,10,428,190,0,0,,16,,16,0,780000,96,0,115,,0,-1,300000,10,15,18,26,97.0,,4.0,,,82800000,,,6,25,25200000,3,181,97.0,94,428,2,32,63060051,2025-11-19 21:07:00.000,,63060070,2025-11-20 04:15:35.259,2025-11-20 04:15:26.090,,,UTC+0300,IChoSlfqVi,,com.sec.android.app.shealth,2025-11-20 04:15:00.000,07e4250c-481e-4431-a806-0abb5cc6eac3,
34,,93.0,6,28,115,1,2,30,460,78,0,4,,16,,16,0,1020000,92,1080000,112,,0,-1,240000,10,14,18,26,97.0,,9.0,,,82800000,,,6,24,25200000,3,203,93.0,91,460,2,31,63060051,2025-11-20 20:53:00.000,,63060070,2025-11-21 04:52:07.889,2025-11-21 04:51:52.997,,,UTC+0300,IChoSlfqVi,,com.sec.android.app.shealth,2025-11-21 04:33:00.000,01b3c9d9-340a-4a0e-b0dd-ee51e2f1f920,
34,,70.0,6,68,95,7,2,24,309,172,0,0,,13,,16,0,960000,84,660000,50,,0,-1,1680000,10,16,18,26,91.0,2025-11-24 04:33:00.000,12.0,,2025-11-23 23:15:00.000,82800000,,,6,20,25200000,2,140,92.0,64,309,2,9,63060051,2025-11-23 23:15:00.000,,63060070,2025-11-24 04:45:14.400,2025-11-24 04:44:07.826,,,UTC+0300,IChoSlfqVi,,com.sec.android.app.shealth,2025-11-24 04:24:00.000,8c249ca2-8445-497d-8a12-094c1b38f3eb,
34,,77.0,6,40,103,0,0,18,347,77,0,3,,15,,16,0,780000,91,0,58,,0,-1,660000,10,16,18,26,94.0,,7.0,,,82800000,,,6,22,25200000,3,168,94.0,75,347,2,16,63060051,2025-11-24 22:17:00.000,,63060070,2025-11-25 04:06:34.107,2025-11-25 04:04:54.995,,,UTC+0300,IChoSlfqVi,,com.sec.android.app.shealth,2025-11-25 04:04:00.000,98cada7e-b5a8-4f7d-b55c-415df116139f,
34,,95.0,6,36,122,1,2,17,436,63,0,0,,16,,16,0,780000,95,0,127,,0,-1,240000,10,14,18,26,97.0,,6.0,,,82800000,,,6,24,25200000,5,170,96.0,92,436,2,32,63060051,2025-11-25 21:09:00.000,,63060070,2025-11-26 04:25:58.220,2025-11-26 04:25:25.330,,,UTC+0300,IChoSlfqVi,,com.sec.android.app.shealth,2025-11-26 04:25:00.000,56a8d76e-9408-43f5-b4f6-0ad15fde6ba6,
34,,91.0,6,67,117,12,3,22,386,166,0,5,,13,,16,0,780000,83,0,100,,0,-1,2880000,10,11,18,26,96.0,,14.0,,,82800000,,,6,21,25200000,3,147,94.0,72,386,2,21,63060051,2025-11-26 22:07:00.000,,63060070,2025-11-27 04:41:43.370,2025-11-27 04:33:58.127,,,UTC+0300,IChoSlfqVi,,com.sec.android.app.shealth,2025-11-27 04:33:00.000,46ea4ee0-73e7-4679-8661-de941feef78d,
34,,90.0,6,52,83,5,1,11,326,182,0,0,,14,,16,0,1140000,83,1260000,85,,0,-1,3180000,10,10,18,26,89.0,2025-11-28 04:36:00.000,7.0,,2025-11-27 22:59:00.000,82800000,,,6,21,25200000,2,147,96.0,64,326,2,13,63060051,2025-11-27 22:59:00.000,,63060070,2025-11-28 04:57:41.240,2025-11-28 04:57:29.553,,,UTC+0300,IChoSlfqVi,,com.sec.android.app.shealth,2025-11-28 04:25:30.000,a7102ce6-be94-43f2-aac6-8741d70cb071,
34,,90.0,6,81,125,4,0,10,319,169,0,0,,12,,16,0,720000,84,960000,85,,0,-1,2820000,10,11,18,26,96.0,2025-12-01 04:30:00.000,6.0,,2025-11-30 23:02:00.000,82800000,,,6,21,25200000,2,99,97.0,62,319,2,12,63060051,2025-11-30 23:02:00.000,,63060070,2025-12-01 04:49:39.859,2025-12-01 04:46:57.426,,,UTC+0300,IChoSlfqVi,,com.sec.android.app.shealth,2025-12-01 04:21:30.000,83e45449-954c-4d60-a2b8-2b6d01322cfc,
34,,89.0,5,31,113,42,1,54,410,120,0,44,,13,,16,0,720000,83,1320000,96,,0,-1,1020000,10,16,18,26,95.0,,59.0,,,82800000,,,6,21,25200000,3,147,87.0,75,410,2,20,63060051,2025-12-01 21:45:00.000,,63060070,2025-12-02 04:58:54.492,2025-12-02 04:57:26.832,,,UTC+0300,IChoSlfqVi,,com.sec.android.app.shealth,2025-12-02 04:35:00.000,e1bb7bed-fbe4-435d-b672-0ae0e7b1932f,
34,,96.0,6,85,155,5,2,33,587,149,0,5,,16,,16,0,900000,93,0,141,,0,-1,300000,10,15,18,26,99.0,2025-12-03 04:10:00.000,10.0,,2025-12-02 18:18:00.000,82800000,,,6,24,25200000,5,258,94.0,91,587,2,30,63060051,2025-12-02 18:18:00.000,,63060070,2025-12-03 04:12:07.913,2025-12-03 04:10:37.558,,,UTC+0300,IChoSlfqVi,,com.sec.android.app.shealth,2025-12-03 04:05:00.000,3d3dfda4-d58b-4f97-8dc8-cb3ab7067bb8,
34,,95.0,6,35,100,2,2,18,394,109,0,0,,15,,16,0,840000,92,0,120,,0,-1,840000,10,16,18,26,95.0,,7.0,,,82800000,,,6,23,25200000,5,156,95.0,85,394,2,25,63060051,2025-12-03 21:51:00.000,,63060070,2025-12-04 04:25:51.765,2025-12-04 04:25:42.036,,,UTC+0300,IChoSlfqVi,,com.sec.android.app.shealth,2025-12-04 04:25:00.000,bfd9110e-3374-47af-8387-60734b3d0889,
34,,94.0,6,29,91,4,3,31,422,99,0,12,,14,,16,0,780000,82,0,122,,0,-1,2940000,10,11,18,26,94.0,,15.0,,,82800000,,,6,21,25200000,4,178,93.0,77,422,2,25,63060051,2025-12-04 21:33:00.000,,63060070,2025-12-05 04:38:18.038,2025-12-05 04:35:33.756,,,UTC+0300,IChoSlfqVi,,com.sec.android.app.shealth,2025-12-05 04:35:00.000,61f79115-5dba-40fc-8a57-f3d7047d9676,
34,,87.0,6,73,136,5,1,18,430,161,0,0,,13,,16,0,780000,81,1020000,79,,0,-1,4560000,10,5,18,26,98.0,2025-12-08 04:38:00.000,7.0,,2025-12-07 21:19:00.000,82800000,,,6,20,25200000,3,197,96.0,70,430,2,26,63060051,2025-12-07 21:19:00.000,,63060070,2025-12-08 05:02:50.730,2025-12-08 04:55:33.676,,,UTC+0300,IChoSlfqVi,,com.sec.android.app.shealth,2025-12-08 04:29:00.000,a201f7a5-0d52-4646-82a7-423f008554b4,
34,,93.0,6,19,92,2,2,13,370,71,0,0,,15,,16,0,900000,88,0,105,,0,-1,1860000,10,15,18,26,93.0,,7.0,,,82800000,,,6,23,25200000,3,160,96.0,80,370,2,21,63060051,2025-12-08 21:57:00.000,,63060070,2025-12-09 04:07:25.329,2025-12-09 04:07:17.198,,,UTC+0300,IChoSlfqVi,,com.sec.android.app.shealth,2025-12-09 04:07:00.000,c88ab999-1a33-4b0b-8623-cdd785b96aa7,
34,,93.0,6,64,115,9,4,21,412,153,0,4,,14,,16,0,840000,83,0,112,,0,-1,3420000,10,9,18,26,96.0,,12.0,,,82800000,,,6,21,25200000,3,164,95.0,75,412,2,25,63060051,2025-12-09 21:33:00.000,,63060070,2025-12-10 04:25:58.146,2025-12-10 04:25:35.988,,,UTC+0300,IChoSlfqVi,,com.sec.android.app.shealth,2025-12-10 04:25:00.000,5db51cf8-0e61-4868-9239-51f842caa3c0,
34,,93.0,6,37,119,1,3,12,404,93,0,0,,14,,16,0,840000,87,0,106,,0,-1,2760000,10,11,18,26,97.0,,5.0,,,82800000,,,6,22,25200000,3,167,97.0,79,404,2,26,63060051,2025-12-10 21:51:00.000,,63060070,2025-12-11 04:35:36.330,2025-12-11 04:35:11.250,,,UTC+0300,IChoSlfqVi,,com.sec.android.app.shealth,2025-12-11 04:35:00.000,91241a68-5697-4c84-9679-caad81b7e91e,
34,,97.0,6,26,131,3,4,21,487,71,0,0,,16,,16,0,780000,94,0,152,,0,-1,480000,10,16,18,26,98.0,2025-12-12 05:46:00.000,9.0,,2025-12-11 21:33:00.000,82800000,,,6,24,25200000,3,183,95.0,94,487,2,32,63060051,2025-12-11 21:33:00.000,,63060070,2025-12-12 05:47:04.680,2025-12-12 05:46:44.911,,,UTC+0300,IChoSlfqVi,,com.sec.android.app.shealth,2025-12-12 05:40:30.000,d92222a6-daf0-46fd-b4ec-71890bdacd7d,
